source,label,category,subscribers,total,available,stores
WHITE2115,WHITE 2115,rapper,50,20,2,"californiarecords.pl;sbmstore.pl;empik.com"
BEDOES,BEDOES,rapper,48,9,4,"sbmstore.pl;empik.com;sklep.2115.pl"
MATA_2040,MATA,rapper,44,39,29,"sbmstore.pl;empik.com;33mata.pl"
CHIVAS,CHIVAS,rapper,43,10,4,"empik.com;chivasio.shop"
TACO_HEMINGWAY,TACO HEMINGWAY,rapper,35,46,46,"empik.com;tacohemingway.store"
OKI_474747,OKI,rapper,30,20,7,"empik.com;474747.pl;reklamacja47.com"
SOBEL,SOBEL,rapper,27,29,13,"empik.com;musielismy.com;defjam.pl"
PRO8L3M,PRO8L3M,rapper,23,40,33,"empik.com;pro8l3m.pl"
YFL_MULTI,MULTI YFL,rapper,23,6,3,"empik.com;sklep.yfl.pl"
PEZET,PEZET,rapper,16,38,31,"empik.com;kokafeat.com;pezet.store;musicdrop.pl"
ZABSON,ŻABSON,rapper,15,10,4,"empik.com;internaziomale.com.pl"
KSIAZULO_MUALA,KSIĄŻULO MUALA,youtuber,13,29,0,mualasklep.pl
OTSOCHODZI,OTSOCHODZI,rapper,13,21,5,"empik.com;musicdrop.pl;asfaltshop.pl;riott.eu"
FAGATA,FAGATA,rapper,13,4,0,fagata.com
MODELKI,MODELKI,rapper,12,17,9,"empik.com;musicdrop.pl;islandrecords.pl"
GUGU_SZPAKU,SZPAKU,rapper,11,131,125,"empik.com;gugushop.pl"
KUKON,KUKON,rapper,10,5,3,empik.com
QUEBONAFIDE_POLNOC_POLUDNIE,QUEBONAFIDE,rapper,10,26,24,"empik.com;queshop.pl"
SENTINO,SENTINO,rapper,9,15,10,"empik.com;kingsento.pl;merchit.pl"
YOUNG_IGI,YOUNG IGI,rapper,8,12,10,"empik.com;defjam.pl"
DAWID_PODSIADLO,DAWID PODSIADŁO,musician,8,32,26,"empik.com;asfaltshop.pl;sklep.dawidpodsiadlo.pl;winylownia.pl"
NARKOPOP_KAZ_BALAGANE,KAZ BAŁAGANE,rapper,7,54,20,"empik.com;narkopop.store;fishntits.pl"
GM2L,GM2L MALIK MONTANA,rapper,7,35,13,"empik.com;merchit.pl"
SOKOL,SOKÓŁ,rapper,6,39,16,"empik.com;store.wojteksokol.com"
GRUBSON,GRUBSON,rapper,5,16,15,"empik.com;defjam.pl"
ROW_BABICZE,RÓW BABICZE,rapper,4,15,7,"empik.com;babiczecroydon.com"
BUNGEE,BUNGEE BANDURA DZINOLD,rapper,4,6,6,tubungee.pl
DOPEHOUSE_GIBBS,DOPEHOUSE GIBBS,rapper,4,94,91,"empik.com;dopehouse.pl"
PASHA_BICEPS,PASHA BICEPS,streamer,4,30,28,papitoenergy.com
SKOLIM,SKOLIM,musician,4,177,176,"empik.com;sklepskolim.pl"
BRAINDEADFAMILIA,SŁOŃ BRAIN DEAD FAMILIA,rapper,3,130,122,"empik.com;vulgarus.pl"
REZIGIUSZ,REZIGIUSZ THUNDERWEAR,youtuber,3,16,16,thunderwear.pl
KEKE,KĘKĘ,rapper,3,9,9,"empik.com;takierzeczy.com"
KIZO_MYTOSUKCES,KIZO,rapper,3,6,4,"empik.com;preorder.pl"
HUBERT,HUBERT.,musician,3,13,13,"empik.com;defjam.pl"
RETO_STYXXX,RETO,rapper,2,3,1,empik.com
OG_OLGIERD,OG OLGIERD,rapper,2,6,6,"empik.com;ogolgierd.pl"
BARTEK_HERMES_PATOLOGISTIC,PATOLOGISTIC BARTEK HERMES,tiktoker,2,2,0,patologistic.pl
BIALAS,BIAŁAS,rapper,2,19,11,"sbmstore.pl;empik.com"
KALI,KALI,rapper,2,41,37,"empik.com;hhsklep.pl"
SANAH,SANAH,musician,2,317,229,"empik.com;sanah.shop"
CZAJNIK,CZAJNIK,youtuber,2,38,36,friendzstore.pl
HECATO_PRZEMEK_GORCZYK,PRZEMEK GÓRCZYK HECATO,podcaster,1,6,6,hecato.pl
SARIUS_ANTIHYPE,SARIUS,rapper,1,32,25,"empik.com;asfaltshop.pl;antihype.pl"
DONGURALESKO,DONGURALESKO,rapper,1,81,64,"empik.com;merchit.pl"
KUBA_KLAWITER_ZNOSNE,KUBA KLAWITER ZNOSNE,youtuber,1,21,19,znosne.pl
MALACH,MAŁACH,rapper,1,11,10,empik.com
MLODY_KORDEN,MŁODY KORDEN,rapper,1,6,4,sbmstore.pl
MROZU,MROZU,musician,1,9,8,"empik.com;musicdrop.pl"
LORDOFON,LORDOFON,musician,1,13,8,"empik.com;asfaltshop.pl;winylownia.pl;nowaplyta.pl"
DOMINIK_RUPINSKI,DOMINIK RUPIŃSKI,tiktoker,1,24,22,drstyle.pl
JULIA_WIENIAWA,JULIA WIENIAWA,musician,1,11,10,"empik.com;juliawieniawa.store"
CATCHUP,CATCHUP,rapper,1,5,5,"empik.com;musicdrop.pl"
KAEN,KAEN,rapper,1,15,15,"empik.com;merchit.pl"
PROFEAT,PROFEAT,rapper,1,4,4,profeat.bigcartel.com
ABRADAB,ABRADAB,rapper,1,13,6,"empik.com;merchit.pl;sprecords.pl"
FROSTI,FROSTI,rapper,1,6,3,"empik.com;polskiswag.pl"
FUKAJ,FUKAJ,rapper,1,11,9,"sbmstore.pl;empik.com"
JAMAL,JAMAL,rapper,1,9,7,"empik.com;mur.global"
CHADA,CHADA,rapper,1,24,15,empik.com
GEDZ,GEDZ,rapper,1,23,23,"empik.com;nnjl.pl"
KUBAN,KUBAN,rapper,1,7,7,"empik.com;dobziludzie.com"
KUBI_PRODUCENT,KUBI PRODUCENT,rapper,1,7,6,empik.com
EKIPA,EKIPA,youtuber,1,120,116,"empik.com;ekipatonosi.pl"
ENEJ,ENEJ,musician,1,23,10,
HAPPYSAD,HAPPYSAD,musician,1,37,27,
HEMP_GRU,HEMP GRU,rapper,1,149,143,"empik.com;hempszop.pl"
KALIBER_44,KALIBER 44,rapper,1,45,8,"empik.com;sprecords.pl"
LADY_PANK,LADY PANK,musician,1,172,171,"empik.com;sklepladypank.pl"
YOUNG_LEOSIA,YOUNG LEOSIA,rapper,1,22,1,"empik.com;berecords.pl"
WK_DZIK,WK DZIK,other,1,287,271,wkdzik.pl
WRRRAH,HEWRA WRRRAH,other,1,49,0,wrrrah.myshopify.com
BELMONDO,BELMONDO,rapper,1,14,0,"empik.com;asfaltshop.pl"
BONUS_RPK_CIEMNA_STREFA,BONUS RPK CIEMNA STREFA,rapper,1,300,294,"empik.com;csrpk.pl"
PAKTOFONIKA,PAKTOFONIKA,rapper,1,8,7,empik.com
PALUCH,PALUCH,rapper,1,29,27,empik.com
ZBUKU,ZBUKU,rapper,1,15,12,empik.com
TEDE,TEDE,rapper,0,52,37,"empik.com;polskirap.co"
KULT,KULT,musician,0,299,105,"empik.com;sprecords.pl"
RALPH_KAMINSKI,RALPH KAMIŃSKI,musician,0,16,15,empik.com
RUFUZ,RUFUZ,rapper,0,11,10,empik.com
FLORAL_BUGS,FLORAL BUGS,rapper,0,18,16,"empik.com;merchit.pl;vulgarus.pl"
BRO,B.R.O,rapper,0,10,10,"empik.com;merchit.pl"
SZYMON_PEKALA_ZALEZY,"ZALEZY, WOJNA IDEI SZYMON PĘKALA",youtuber,0,21,21,"empik.com;zalezy.pl"
OSTR,O.S.T.R.,rapper,0,62,8,"empik.com;asfaltshop.pl;merchit.pl"
DIHO,DIHO,rapper,0,9,8,merchit.pl
DUDEK_P56,DUDEK P56,rapper,0,31,24,empik.com
PAGO_HASZTASZ,PAGO,streamer,0,19,14,hasztasz.pl
MALPA,MAŁPA,rapper,0,11,9,"empik.com;merchit.pl"
MALOLAT,MAŁOLAT,rapper,0,2,2,empik.com
MARGARET,MARGARET,musician,0,2,2,empik.com
MIETCZYNSKI,MIETCZYŃSKI,youtuber,0,6,6,"empik.com;303.com.pl"
MIETHA,MIĘTHA,rapper,0,9,1,"empik.com;asfaltshop.pl"
MIOUSH,MIOUSH,rapper,0,53,51,"empik.com;merchit.pl"
MR_POLSKA,MR. POLSKA,rapper,0,9,9,"empik.com;merchit.pl"
PODCASTEX,PODCASTEX,podcaster,0,25,23,"empik.com;pozdrawiam.net"
POLSKA_WERSJA,POLSKA WERSJA,rapper,0,32,24,"empik.com;merchit.pl;polskawersja.pl"
OPAL,OPAŁ,rapper,0,12,6,"empik.com;merchit.pl"
PEJA,PEJA,rapper,0,31,28,"empik.com;merchit.pl"
PIH,PIH,rapper,0,108,103,"empik.com;pihszou.pl"
PIEC_DWA,PIĘĆ DWA,rapper,0,22,20,"empik.com;merchit.pl"
LONA,ŁONA,rapper,0,5,3,empik.com
JELENIEWSKA,JELENIEWSKA,tiktoker,0,11,11,aurashop.pl
SOBOTA,SOBOTA,rapper,0,14,13,"empik.com;merchit.pl"
BRACIA_FIGO_FAGOT,BRACIA FIGO FAGOT,musician,0,49,20,"empik.com;sprecords.pl"
ZALIA,ZALIA,musician,0,20,16,"empik.com;musicdrop.pl;zalia.store"
KABE_GCBW,KABE,rapper,0,6,5,"empik.com;preorder.pl"
KAZIK_STASZEWSKI,KAZIK STASZEWSKI,musician,0,186,81,"empik.com;sprecords.pl"
DODA,DODA,musician,0,19,17,"empik.com;musicdrop.pl"
DONATAN,DONATAN,musician,0,7,6,empik.com
DZIARMA,DZIARMA,rapper,0,2,2,
DWA_SLAWY,DWA SŁAWY,rapper,0,11,11,
EDYTA_BARTOSIEWICZ,EDYTA BARTOSIEWICZ,musician,0,31,25,
EDZIO,EDZIO,rapper,0,1,1,empik.com
ADI_NOWAK,ADI NOWAK,rapper,0,5,4,"sbmstore.pl;empik.com"
AKASH,AKASH,rapper,0,15,9,"merchit.pl;akash.pl"
ALBERTO,ALBERTO,rapper,0,6,6,merchit.pl
AVI,AVI,rapper,0,3,3,empik.com
BETEO,BETEO,rapper,0,9,9,"sbmstore.pl;empik.com"
KARTKY,KARTKY,rapper,0,16,15,empik.com
KACPERCZYK,KACPERCZYK,musician,0,19,16,"sbmstore.pl;empik.com"
JACUS,JACUŚ,rapper,0,5,4,"sbmstore.pl;empik.com"
JAN_RAPOWANIE,JAN RAPOWANIE,rapper,0,7,6,"sbmstore.pl;empik.com"
JANUSZ_WALCZUK,JANUSZ WALCZUK,rapper,0,7,6,"sbmstore.pl;empik.com"
TOMB,TOMB,rapper,0,4,3,sbmstore.pl
TRIBBS,TRIBBS,rapper,0,10,10,"empik.com;store.thetribbe.com"
TPS,TPS,rapper,0,21,16,empik.com
TYMEK,TYMEK,rapper,0,19,13,"empik.com;merchit.pl"
VBS,VBS,rapper,0,9,4,"empik.com;merchit.pl"
VITO_BAMBINO,VITO BAMBINO,musician,0,3,3,"empik.com;musicdrop.pl"
DARIA_ZAWIALOW,DARIA ZAWIAŁOW,musician,0,15,11,empik.com
KLESZCZ,KLESZCZ,rapper,0,20,13,"horrecsklep.pl;maxflosklep.pl"
KINNY_ZIMMER,KINNY ZIMMER,rapper,0,3,2,"sbmstore.pl;empik.com"
ISAMU_RISKY,ISAMU RISKY,youtuber,0,76,36,risky.pl
CLEO,CLEO,musician,0,6,6,empik.com
ROJO_TILT,ROJO TILT,youtuber,0,11,11,tilt.pl
KANAL_ZERO,KANAŁ ZERO,other,0,48,39,zerosklep.pl
SZARAN,SZARAN,rapper,0,5,1,"sbmstore.pl;empik.com"
SZCZYL,SZCZYL,rapper,0,5,5,"empik.com;przedwczorajdzisiajpojutrze.pl"
SOLAR,SOLAR,rapper,0,8,6,"sbmstore.pl;empik.com"
JWP,JWP CREW,rapper,0,30,28,"empik.com;jwpcrew.pl"
OJ_WOJTEK,OJ WOJTEK,youtuber,0,12,12,ojsklep.pl
KUBANCZYK,KUBAŃCZYK,rapper,0,3,3,empik.com
SB_MAFFIJA,SB MAFFIJA,rapper,0,6,4,"sbmstore.pl;empik.com"
SCHAFTER,SCHAFTER,rapper,0,10,1,"empik.com;asfaltshop.pl;restaurantposse.pl"
JULIA_ZUGAJ,JULIA ŻUGAJ,youtuber,0,71,70,"empik.com;moontale.pl"
ELDO,ELDO,rapper,0,38,33,"empik.com;merchit.pl"
ELEKTRYCZNE_GITARY,ELEKTRYCZNE GITARY,musician,0,27,20,"empik.com;sprecords.pl"
WAIMA,WAIMA,rapper,0,9,8,"empik.com;defjam.pl"
HANS_SOLO,HANS SOLO,rapper,0,22,18,"empik.com;merchit.pl"
CRANK_ALL,CRANK ALL,rapper,0,39,5,crankall.com
GOOD_TIMES_BAD_TIMES,GOOD TIMES BAD TIMES,youtuber,0,6,6,sklepgtbt.com
WEGORZ,WEGORZ,youtuber,0,4,4,wegorz.sklep.pl
ZENON_MARTYNIUK,ZENON MARTYNIUK,musician,0,55,4,"empik.com;zenonmartyniuk.pl"
ZEAMSONE,ZEAMSONE,rapper,0,12,11,"empik.com;musicdrop.pl;merchit.pl"
SLAWOMIR,SŁAWOMIR,musician,0,17,17,"empik.com;czucpiniadz.pl"
SEVEN_MORE7,7MORE7,other,0,483,482,7more7.com
CYBER_MARIAN,CYBER MARIAN,youtuber,0,10,10,"empik.com;303.com.pl"
BROKIES,BROKIES,youtuber,0,12,6,brokies.store
NINE_SSEY,9SSEY,rapper,0,2,1,9ssey.com
WOJAN,WOJAN,youtuber,0,383,194,wojanshop.pl
PALION,PALION,youtuber,0,147,144,"empik.com;palionstyle.pl"
PLANBE,PLANBE,rapper,0,4,4,empik.com
TRITSUS_TSQUAD,TRITSUS TSQUAD,youtuber,0,32,32,tsquad.pl
LUCZEK,LUCZEK,youtuber,0,84,80,luczekshop.pl
KALUCH,KALUCH,youtuber,0,58,14,teamkaluch.pl
TEN_TYP_MES,TEN TYP MES,rapper,0,13,13,empik.com
GUZIOR,GUZIOR,rapper,0,3,3,empik.com
SITEK,SITEK,rapper,0,3,3,empik.com
WEBBER,WEBBER,rapper,0,2,1,empik.com
WERSOW,WERSOW,youtuber,0,2,2,empik.com
KWIAT_JABLONI,KWIAT JABŁONI,musician,0,8,8,empik.com
LOUIS_VILLAIN,LOUIS VILLAIN,rapper,0,3,2,empik.com
