host,class,products,capped,robots,policies,password
007airsoft.myshopify.com,shopify,750,0,0,0,0
013554-2c.myshopify.com,shopify,500,0,0,0,0
01rm4m-iu.myshopify.com,shopify,356,0,1,0,0
00q1v5-5w.myshopify.com,shopify,257,0,1,0,0
0171d6-3.myshopify.com,shopify,252,0,1,0,0
032c-workshop.myshopify.com,shopify,250,0,0,0,0
030823-ce.myshopify.com,shopify,250,0,0,0,0
0242b6-2.myshopify.com,shopify,165,0,0,0,0
0553ac-5a.myshopify.com,shopify,150,0,0,0,0
031cda-c4.myshopify.com,shopify,91,0,1,0,0
000de8-2.myshopify.com,shopify,84,0,1,1,0
03f6ac-3.myshopify.com,shopify,51,0,1,1,0
050831-41.myshopify.com,shopify,46,0,0,0,0
3ce004-3.myshopify.com,shopify,45,0,0,0,0
035955-4.myshopify.com,shopify,44,0,1,0,0
0344f7-15.myshopify.com,shopify,28,0,1,0,0
041dee-7e.myshopify.com,shopify,24,0,0,0,0
04516e.myshopify.com,shopify,22,0,1,0,0
00a59f-bd.myshopify.com,shopify,14,0,1,0,0
3986cd-1d.myshopify.com,shopify,13,0,0,0,0
004896.myshopify.com,shopify,12,0,1,0,0
05b386-4.myshopify.com,shopify,4,0,0,0,0
0043e3-2.myshopify.com,other,0,0,0,0,0
00bd23-78.myshopify.com,other,0,0,0,0,0
00c05a-2.myshopify.com,empty,0,0,0,0,0
00saht-ck.myshopify.com,other,0,0,0,0,0
01rih0-rr.myshopify.com,other,0,0,0,0,0
02-0457aa-mol.myshopify.com,other,0,0,0,0,0
01w5iy-k1.myshopify.com,other,0,0,0,0,0
02-0678aa-mol.myshopify.com,other,0,0,0,0,0
02b428-a3.myshopify.com,other,0,0,0,0,0
03-0274aa-mol.myshopify.com,other,0,0,0,0,0
0297b7-2.myshopify.com,other,0,0,0,0,0
029567-2.myshopify.com,other,0,0,0,0,0
037f0c-a3.myshopify.com,other,0,0,0,0,0
03f86c.myshopify.com,other,0,0,0,0,0
04-0777aa-mol.myshopify.com,other,0,0,0,0,0
04-1642aa-mol.myshopify.com,other,0,0,0,0,0
04-2277aa-mol.myshopify.com,other,0,0,0,0,0
04183d-2.myshopify.com,other,0,0,0,0,0
045244-5.myshopify.com,other,0,0,0,0,0
05cc31-90.myshopify.com,other,0,0,0,0,0
05f18n-xj.myshopify.com,other,0,0,0,0,0
06-0543aa-mol.myshopify.com,other,0,0,0,0,0
05bf95.myshopify.com,other,0,0,0,0,0
06890a-02.myshopify.com,other,0,0,0,0,0
068qt2-pi.myshopify.com,other,0,0,0,0,0
072422-5.myshopify.com,other,0,0,0,0,0
0711bike.myshopify.com,other,0,0,0,0,0
073b97-2.myshopify.com,other,0,0,0,0,0
076hpd-jf.myshopify.com,other,0,0,0,0,0
07af8e.myshopify.com,other,0,0,0,0,0
07ua0f-70.myshopify.com,other,0,0,0,0,0
082ab9.myshopify.com,other,0,0,0,0,0
08774b-2.myshopify.com,other,0,0,0,0,0
08484f.myshopify.com,other,0,0,0,0,0
08d58c.myshopify.com,other,0,0,0,0,0
08ca07-67.myshopify.com,other,0,0,0,0,0
09638d.myshopify.com,other,0,0,0,0,0
097714-7d.myshopify.com,other,0,0,0,0,0
08f08a-b9.myshopify.com,other,0,0,0,0,0
0951b5-2.myshopify.com,other,0,0,0,0,0
09a94d.myshopify.com,other,0,0,0,0,0
09b698.myshopify.com,other,0,0,0,0,0
09d801-88.myshopify.com,other,0,0,0,0,0
09dd3b-2.myshopify.com,other,0,0,0,0,0
09jfmb-8s.myshopify.com,other,0,0,0,0,0
0a80ae.myshopify.com,other,0,0,0,0,0
0a5b73-b1.myshopify.com,other,0,0,0,0,0
0a7b0u-qz.myshopify.com,other,0,0,0,0,0
0avzhh-hg.myshopify.com,other,0,0,0,0,0
0ae820-dc.myshopify.com,other,0,0,0,0,0
0ab33d-17.myshopify.com,other,0,0,0,0,0
0ba5d4.myshopify.com,other,0,0,0,0,0
0b8ef4-2.myshopify.com,other,0,0,0,0,0
0a9176-e8.myshopify.com,other,0,0,0,0,0
0c0tj0-gs.myshopify.com,other,0,0,0,0,0
0bc922.myshopify.com,other,0,0,0,0,0
0c2232-01.myshopify.com,other,0,0,0,0,0
0c4f1d-2.myshopify.com,other,0,0,0,0,0
0d4321.myshopify.com,other,0,0,0,0,0
0d94b4-69.myshopify.com,other,0,0,0,0,0
0ce652-6f.myshopify.com,other,0,0,0,0,0
0deefc-06.myshopify.com,other,0,0,0,0,0
0e8c62.myshopify.com,other,0,0,0,0,0
0e7d78-4a.myshopify.com,other,0,0,0,0,0
0dfb7e-cc.myshopify.com,other,0,0,0,0,0
0e747e-c5.myshopify.com,other,0,0,0,0,0
0d969f.myshopify.com,other,0,0,0,0,0
0ekbcw-9p.myshopify.com,other,0,0,0,0,0
0ed29b-34.myshopify.com,other,0,0,0,0,0
0ecd56-4.myshopify.com,other,0,0,0,0,0
0efgfp-it.myshopify.com,other,0,0,0,0,0
0em7hx-xe.myshopify.com,other,0,0,0,0,0
0erhb6-id.myshopify.com,other,0,0,0,0,0
0f03uj-mx.myshopify.com,other,0,0,0,0,0
0f7735-04.myshopify.com,other,0,0,0,0,0
0f64f6-8c.myshopify.com,other,0,0,0,0,0
0f5e14.myshopify.com,other,0,0,0,0,0
0fa18e-3.myshopify.com,other,0,0,0,0,0
0evzza-t1.myshopify.com,other,0,0,0,0,0
0f88ed-72.myshopify.com,other,0,0,0,0,0
0g2ivx-h7.myshopify.com,other,0,0,0,0,0
0iz79n-w5.myshopify.com,other,0,0,0,0,0
0hbjib-sq.myshopify.com,other,0,0,0,0,0
0hnb20-tz.myshopify.com,other,0,0,0,0,0
0hjgb9-3a.myshopify.com,other,0,0,0,0,0
0iqg01-qv.myshopify.com,other,0,0,0,0,0
0jbz01-3x.myshopify.com,other,0,0,0,0,0
0jsn5c-qn.myshopify.com,other,0,0,0,0,0
0jx6xb-yy.myshopify.com,other,0,0,0,0,0
0mmcpf-jn.myshopify.com,other,0,0,0,0,0
0ktaza-jf.myshopify.com,other,0,0,0,0,0
0qf3pn-ms.myshopify.com,other,0,0,0,0,0
0mptcc-qs.myshopify.com,other,0,0,0,0,0
0mp34g-yq.myshopify.com,other,0,0,0,0,0
0ra9bc-yp.myshopify.com,other,0,0,0,0,0
0r54vb-3m.myshopify.com,other,0,0,0,0,0
0vt0r1-fh.myshopify.com,other,0,0,0,0,0
0rzww0-gb.myshopify.com,other,0,0,0,0,0
0v50bd-qe.myshopify.com,other,0,0,0,0,0
0vqzkr-sz.myshopify.com,other,0,0,0,0,0
0w8zic-va.myshopify.com,other,0,0,0,0,0
0wcepq-qh.myshopify.com,other,0,0,0,0,0
0wne1c-qh.myshopify.com,other,0,0,0,0,0
1-866-lit-xmas.myshopify.com,other,0,0,0,0,0
1-happy-girl.myshopify.com,other,0,0,0,0,0
0wzira-se.myshopify.com,other,0,0,0,0,0
10-speed-coffee.myshopify.com,other,0,0,0,0,0
1008stores.myshopify.com,other,0,0,0,0,0
100sessions.myshopify.com,other,0,0,0,0,0
10-7fishing.myshopify.com,other,0,0,0,0,0
1-pcreativenergy.myshopify.com,other,0,0,0,0,0
10-0846aa-mol.myshopify.com,other,0,0,0,0,0
10090d.myshopify.com,other,0,0,0,0,0
100percent-eu.myshopify.com,other,0,0,0,0,0
101-films-store.myshopify.com,other,0,0,0,0,0
101pawsandclaws.myshopify.com,other,0,0,0,0,0
102c33-d8.myshopify.com,other,0,0,0,0,0
103742-3d.myshopify.com,other,0,0,0,0,0
10eh8q-he.myshopify.com,other,0,0,0,0,0
109tool.myshopify.com,other,0,0,0,0,0
10m4ga-f2.myshopify.com,other,0,0,0,0,0
10fitness.myshopify.com,other,0,0,0,0,0
104187-3.myshopify.com,other,0,0,0,0,0
10minuteworkshop.myshopify.com,other,0,0,0,0,0
10th-avenue-west-studio.myshopify.com,other,0,0,0,0,0
10vp1h-hx.myshopify.com,other,0,0,0,0,0
10thplanetwebstore.myshopify.com,other,0,0,0,0,0
10ut9g-s6.myshopify.com,other,0,0,0,0,0
11-degrees-south.myshopify.com,other,0,0,0,0,0
10xhealthcenters.myshopify.com,other,0,0,0,0,0
10thplanetmichigan.myshopify.com,other,0,0,0,0,0
110-fitness-llc.myshopify.com,other,0,0,0,0,0
110-tradeshow-services.myshopify.com,other,0,0,0,0,0
1111fragrance.myshopify.com,other,0,0,0,0,0
114d48-2.myshopify.com,other,0,0,0,0,0
1130rt-in.myshopify.com,other,0,0,0,0,0
116603-2.myshopify.com,other,0,0,0,0,0
111skinuk.myshopify.com,other,0,0,0,0,0
11lessons.myshopify.com,other,0,0,0,0,0
11gpxi-mq.myshopify.com,other,0,0,0,0,0
119ddb-4.myshopify.com,other,0,0,0,0,0
11yvxk-hm.myshopify.com,other,0,0,0,0,0
11vqfi-ue.myshopify.com,other,0,0,0,0,0
120g0t-nr.myshopify.com,other,0,0,0,0,0
12345-clothing.myshopify.com,other,0,0,0,0,0
11r1w1-sw.myshopify.com,other,0,0,0,0,0
123tpg.myshopify.com,other,0,0,0,0,0
123west.myshopify.com,other,0,0,0,0,0
1250ships-com.myshopify.com,other,0,0,0,0,0
127865-3.myshopify.com,other,0,0,0,0,0
12b14c-eb.myshopify.com,other,0,0,0,0,0
12cecc-2.myshopify.com,other,0,0,0,0,0
13-13-perfumery-2.myshopify.com,other,0,0,0,0,0
12wpb6-df.myshopify.com,other,0,0,0,0,0
12lyears.myshopify.com,other,0,0,0,0,0
128cfa-90.myshopify.com,other,0,0,0,0,0
12timbers.myshopify.com,other,0,0,0,0,0
12tonar.myshopify.com,other,0,0,0,0,0
13173e-6c.myshopify.com,other,0,0,0,0,0
133abb-2.myshopify.com,other,0,0,0,0,0
1324d4-f7.myshopify.com,other,0,0,0,0,0
13-4171aa-mol.myshopify.com,other,0,0,0,0,0
134e34-d2.myshopify.com,other,0,0,0,0,0
137f5f.myshopify.com,other,0,0,0,0,0
13z7c1-7s.myshopify.com,other,0,0,0,0,0
14-hill-gift-shop.myshopify.com,other,0,0,0,0,0
14996f-2.myshopify.com,other,0,0,0,0,0
141-design-company-2.myshopify.com,other,0,0,0,0,0
141315-3.myshopify.com,other,0,0,0,0,0
143e74.myshopify.com,other,0,0,0,0,0
14eaf5.myshopify.com,other,0,0,0,0,0
14519e-3.myshopify.com,other,0,0,0,0,0
14strings.myshopify.com,other,0,0,0,0,0
147984.myshopify.com,other,0,0,0,0,0
15-0319aa-mol.myshopify.com,other,0,0,0,0,0
15-5416aa-mol.myshopify.com,other,0,0,0,0,0
151c24-43.myshopify.com,other,0,0,0,0,0
1567b5-2d.myshopify.com,other,0,0,0,0,0
159b64-32.myshopify.com,other,0,0,0,0,0
15a5f0-7c.myshopify.com,other,0,0,0,0,0
15eea2-ed.myshopify.com,other,0,0,0,0,0
15a698-47.myshopify.com,other,0,0,0,0,0
15eecb.myshopify.com,other,0,0,0,0,0
15adf8.myshopify.com,other,0,0,0,0,0
15e710-2.myshopify.com,other,0,0,0,0,0
16f7a9-3.myshopify.com,other,0,0,0,0,0
175b37-7d.myshopify.com,other,0,0,0,0,0
1744uk.myshopify.com,other,0,0,0,0,0
17-0387aa-mol.myshopify.com,other,0,0,0,0,0
170c86-3.myshopify.com,other,0,0,0,0,0
16udqs-6q.myshopify.com,other,0,0,0,0,0
173-mercantile.myshopify.com,other,0,0,0,0,0
174739.myshopify.com,other,0,0,0,0,0
175ec8-3.myshopify.com,other,0,0,0,0,0
176012.myshopify.com,other,0,0,0,0,0
1768pc-ea.myshopify.com,other,0,0,0,0,0
1776beardco.myshopify.com,other,0,0,0,0,0
17andorchard.myshopify.com,other,0,0,0,0,0
17886c-08.myshopify.com,other,0,0,0,0,0
178b8e-61.myshopify.com,other,0,0,0,0,0
177ea8.myshopify.com,other,0,0,0,0,0
1793cf-4.myshopify.com,other,0,0,0,0,0
1800stencil.myshopify.com,other,0,0,0,0,0
17efd6-14.myshopify.com,other,0,0,0,0,0
1800pain.myshopify.com,other,0,0,0,0,0
1859-northwest.myshopify.com,other,0,0,0,0,0
1800striper.myshopify.com,other,0,0,0,0,0
1836customdesigns.myshopify.com,other,0,0,0,0,0
188b4a-7a.myshopify.com,other,0,0,0,0,0
1891homestead.myshopify.com,other,0,0,0,0,0
18a01b-2.myshopify.com,other,0,0,0,0,0
19-pueblos-native-collection.myshopify.com,other,0,0,0,0,0
18ad01-3.myshopify.com,other,0,0,0,0,0
1920-fashion-dress.myshopify.com,other,0,0,0,0,0
191d1v-n2.myshopify.com,other,0,0,0,0,0
19thholecustomshop.myshopify.com,other,0,0,0,0,0
1a26vm-ut.myshopify.com,other,0,0,0,0,0
19c97d-2.myshopify.com,other,0,0,0,0,0
1965-magdeburg.myshopify.com,other,0,0,0,0,0
1a3b35.myshopify.com,other,0,0,0,0,0
1af473-cd.myshopify.com,other,0,0,0,0,0
1a896f-60.myshopify.com,other,0,0,0,0,0
1acicu-jm.myshopify.com,other,0,0,0,0,0
1agh0v-s3.myshopify.com,other,0,0,0,0,0
1b0a5d-5e.myshopify.com,other,0,0,0,0,0
1b1djb-qh.myshopify.com,other,0,0,0,0,0
1b5546-3.myshopify.com,other,0,0,0,0,0
1b5db5-3.myshopify.com,other,0,0,0,0,0
1b7d3c.myshopify.com,other,0,0,0,0,0
1bb628-9e.myshopify.com,other,0,0,0,0,0
1bef0f-2.myshopify.com,other,0,0,0,0,0
1bcbrh-va.myshopify.com,other,0,0,0,0,0
1b7578-2.myshopify.com,other,0,0,0,0,0
1cadev.myshopify.com,other,0,0,0,0,0
1bipdg-8e.myshopify.com,other,0,0,0,0,0
1cf63c-3.myshopify.com,other,0,0,0,0,0
1c34d9.myshopify.com,other,0,0,0,0,0
1bidip-a1.myshopify.com,other,0,0,0,0,0
1cneeh-z8.myshopify.com,other,0,0,0,0,0
1cytj2-ia.myshopify.com,other,0,0,0,0,0
1d269d-2.myshopify.com,other,0,0,0,0,0
1d2729-1e.myshopify.com,other,0,0,0,0,0
1d9833-2.myshopify.com,other,0,0,0,0,0
1d4c17-d1.myshopify.com,other,0,0,0,0,0
1d9b48-76.myshopify.com,other,0,0,0,0,0
1dba3d.myshopify.com,other,0,0,0,0,0
1d99f1-18.myshopify.com,other,0,0,0,0,0
1da3d3-2.myshopify.com,other,0,0,0,0,0
1dc354-95.myshopify.com,other,0,0,0,0,0
1deef5-2.myshopify.com,other,0,0,0,0,0
1dqwfb-nm.myshopify.com,other,0,0,0,0,0
1dceb0-2.myshopify.com,other,0,0,0,0,0
1ds4cg-mw.myshopify.com,other,0,0,0,0,0
1e0b9e-ed.myshopify.com,other,0,0,0,0,0
1e1qgw-1p.myshopify.com,other,0,0,0,0,0
1e299a-a2.myshopify.com,other,0,0,0,0,0
1e2fdc-2.myshopify.com,other,0,0,0,0,0
1e67e3-2.myshopify.com,other,0,0,0,0,0
1e623c.myshopify.com,other,0,0,0,0,0
1edfa0-2.myshopify.com,other,0,0,0,0,0
1efda4-8e.myshopify.com,other,0,0,0,0,0
1e7dfb-ca.myshopify.com,other,0,0,0,0,0
1eb487.myshopify.com,other,0,0,0,0,0
1ebbce-2.myshopify.com,other,0,0,0,0,0
1f2290-06.myshopify.com,other,0,0,0,0,0
1f6318.myshopify.com,other,0,0,0,0,0
1espm2-qz.myshopify.com,other,0,0,0,0,0
1f6ab5-4.myshopify.com,other,0,0,0,0,0
1fb514-30.myshopify.com,other,0,0,0,0,0
1fdwd0-0c.myshopify.com,other,0,0,0,0,0
1fe8ba-3f.myshopify.com,other,0,0,0,0,0
1fec84-2.myshopify.com,other,0,0,0,0,0
1ff354-3.myshopify.com,other,0,0,0,0,0
1ffnau-qd.myshopify.com,other,0,0,0,0,0
1gddch-v1.myshopify.com,other,0,0,0,0,0
1fruns-0q.myshopify.com,other,0,0,0,0,0
1hvjuv-8r.myshopify.com,other,0,0,0,0,0
1hq8y0-t1.myshopify.com,other,0,0,0,0,0
1hqdus-7j.myshopify.com,other,0,0,0,0,0
1gss3b-a7.myshopify.com,other,0,0,0,0,0
1iwpwh-yf.myshopify.com,other,0,0,0,0,0
1iq6r0-ti.myshopify.com,other,0,0,0,0,0
1iyuzi-n3.myshopify.com,other,0,0,0,0,0
1j1wqw-t0.myshopify.com,other,0,0,0,0,0
1jifjb-cm.myshopify.com,other,0,0,0,0,0
1jxafg-qk.myshopify.com,other,0,0,0,0,0
1ksq2b-ab.myshopify.com,other,0,0,0,0,0
1kure8-7w.myshopify.com,other,0,0,0,0,0
1m31yt-bc.myshopify.com,other,0,0,0,0,0
1minmeditation.myshopify.com,other,0,0,0,0,0
1mmj1k-ay.myshopify.com,other,0,0,0,0,0
1ofaknd.myshopify.com,other,0,0,0,0,0
1planet-carbon-offset.myshopify.com,other,0,0,0,0,0
1nqn1u-ni.myshopify.com,other,0,0,0,0,0
1rn7j1-6m.myshopify.com,other,0,0,0,0,0
1rw708-gh.myshopify.com,other,0,0,0,0,0
1saec2-pw.myshopify.com,other,0,0,0,0,0
1rqbps-ck.myshopify.com,other,0,0,0,0,0
1st-choice-fruit-veg.myshopify.com,other,0,0,0,0,0
1st-tix.myshopify.com,other,0,0,0,0,0
1stopclickshop.myshopify.com,other,0,0,0,0,0
1t1sit-ri.myshopify.com,other,0,0,0,0,0
1tuudc-jj.myshopify.com,other,0,0,0,0,0
1upgamesgeorgia.myshopify.com,other,0,0,0,0,0
1wje5h-fz.myshopify.com,other,0,0,0,0,0
1wkdmj-nc.myshopify.com,other,0,0,0,0,0
1wugju-y8.myshopify.com,other,0,0,0,0,0
1zgqsw-02.myshopify.com,other,0,0,0,0,0
1xt1gr-hk.myshopify.com,other,0,0,0,0,0
2-rivers-remix.myshopify.com,other,0,0,0,0,0
2-wee-lassies.myshopify.com,other,0,0,0,0,0
1zmdmd-x4.myshopify.com,other,0,0,0,0,0
1xvv1e-qe.myshopify.com,other,0,0,0,0,0
1ymbyd-gc.myshopify.com,other,0,0,0,0,0
20-minute-guide.myshopify.com,other,0,0,0,0,0
2002carpets.myshopify.com,other,0,0,0,0,0
200911-2.myshopify.com,other,0,0,0,0,0
201919-99.myshopify.com,other,0,0,0,0,0
2020-onsite.myshopify.com,other,0,0,0,0,0
209ceb-3.myshopify.com,other,0,0,0,0,0
20a254-6e.myshopify.com,other,0,0,0,0,0
20fdfc-4.myshopify.com,other,0,0,0,0,0
20milebottomoutfitters.myshopify.com,other,0,0,0,0,0
20k0tx-mk.myshopify.com,other,0,0,0,0,0
20e1ac-7e.myshopify.com,other,0,0,0,0,0
20a369-0a.myshopify.com,other,0,0,0,0,0
21-degrees-estate-cacao-farm.myshopify.com,other,0,0,0,0,0
212e78-be.myshopify.com,other,0,0,0,0,0
215dab-36.myshopify.com,other,0,0,0,0,0
217e4f.myshopify.com,other,0,0,0,0,0
2196d7-b6.myshopify.com,other,0,0,0,0,0
21e486.myshopify.com,other,0,0,0,0,0
21ebfe.myshopify.com,other,0,0,0,0,0
21fb4b.myshopify.com,other,0,0,0,0,0
21st-amendment.myshopify.com,other,0,0,0,0,0
22-until-none.myshopify.com,other,0,0,0,0,0
221843.myshopify.com,other,0,0,0,0,0
2274d0.myshopify.com,other,0,0,0,0,0
220902-b9.myshopify.com,other,0,0,0,0,0
22a255.myshopify.com,other,0,0,0,0,0
231095-fc.myshopify.com,other,0,0,0,0,0
230b4d-2.myshopify.com,other,0,0,0,0,0
23-0846aa-mol.myshopify.com,other,0,0,0,0,0
23-7-global-inc.myshopify.com,other,0,0,0,0,0
233f44-2.myshopify.com,other,0,0,0,0,0
2326fb-4.myshopify.com,other,0,0,0,0,0
23af13-e4.myshopify.com,other,0,0,0,0,0
23c641-90.myshopify.com,other,0,0,0,0,0
23cca4-4d.myshopify.com,other,0,0,0,0,0
23ec80-67.myshopify.com,other,0,0,0,0,0
24-7-daddyhood.myshopify.com,other,0,0,0,0,0
24-hype-store.myshopify.com,other,0,0,0,0,0
24-0003aa-mol.myshopify.com,other,0,0,0,0,0
23plusone.myshopify.com,other,0,0,0,0,0
241736-b4.myshopify.com,other,0,0,0,0,0
244dec-8c.myshopify.com,other,0,0,0,0,0
247drums.myshopify.com,other,0,0,0,0,0
247365fit.myshopify.com,other,0,0,0,0,0
248bc2-9b.myshopify.com,other,0,0,0,0,0
249c1e-2.myshopify.com,other,0,0,0,0,0
24ad61-c2.myshopify.com,other,0,0,0,0,0
24abaf-2.myshopify.com,other,0,0,0,0,0
24b86a-3d.myshopify.com,other,0,0,0,0,0
24bluewave-shop.myshopify.com,other,0,0,0,0,0
24bottleshk.myshopify.com,other,0,0,0,0,0
24c56f-17.myshopify.com,other,0,0,0,0,0
24cb8t-ay.myshopify.com,other,0,0,0,0,0
24fr-de.myshopify.com,other,0,0,0,0,0
25-ddw-hydrohealth.myshopify.com,other,0,0,0,0,0
24c584-4c.myshopify.com,other,0,0,0,0,0
25-silver-boutique.myshopify.com,other,0,0,0,0,0
2576e8-3.myshopify.com,other,0,0,0,0,0
255969-3.myshopify.com,other,0,0,0,0,0
269ad6-08.myshopify.com,other,0,0,0,0,0
2600-magazine.myshopify.com,other,0,0,0,0,0
26-0159aa-mol.myshopify.com,other,0,0,0,0,0
26da34.myshopify.com,other,0,0,0,0,0
2711c6-2.myshopify.com,other,0,0,0,0,0
274f35-a8.myshopify.com,other,0,0,0,0,0
276a63-2.myshopify.com,other,0,0,0,0,0
279061-2.myshopify.com,other,0,0,0,0,0
27bdc9-3.myshopify.com,other,0,0,0,0,0
27c6d8.myshopify.com,other,0,0,0,0,0
282367-7f.myshopify.com,other,0,0,0,0,0
27d2cc-4.myshopify.com,other,0,0,0,0,0
2832b8.myshopify.com,other,0,0,0,0,0
287ranchsupply.myshopify.com,other,0,0,0,0,0
2914c8-4.myshopify.com,other,0,0,0,0,0
28e444-3.myshopify.com,other,0,0,0,0,0
29-bridges-studio.myshopify.com,other,0,0,0,0,0
289a54.myshopify.com,other,0,0,0,0,0
288068-2.myshopify.com,other,0,0,0,0,0
295d2e.myshopify.com,other,0,0,0,0,0
29743b.myshopify.com,other,0,0,0,0,0
2a2815-7.myshopify.com,other,0,0,0,0,0
2a6c5b-67.myshopify.com,other,0,0,0,0,0
2ab626-27.myshopify.com,other,0,0,0,0,0
2abb3c-ee.myshopify.com,other,0,0,0,0,0
2ab5cb-da.myshopify.com,other,0,0,0,0,0
2ae2dn-eq.myshopify.com,other,0,0,0,0,0
2afb2f-e8.myshopify.com,other,0,0,0,0,0
2alpha-training-group.myshopify.com,other,0,0,0,0,0
2awomen.myshopify.com,other,0,0,0,0,0
2afdaa.myshopify.com,other,0,0,0,0,0
2b0569-2.myshopify.com,other,0,0,0,0,0
2b-blingin.myshopify.com,other,0,0,0,0,0
2awstore.myshopify.com,other,0,0,0,0,0
2b67ee.myshopify.com,other,0,0,0,0,0
2b8b17-4.myshopify.com,other,0,0,0,0,0
2b9547.myshopify.com,other,0,0,0,0,0
2betrue.myshopify.com,other,0,0,0,0,0
2c1a6d-2.myshopify.com,other,0,0,0,0,0
2c58d4-2.myshopify.com,other,0,0,0,0,0
2c4892-cd.myshopify.com,other,0,0,0,0,0
2c91c6.myshopify.com,other,0,0,0,0,0
2cmdqu-y1.myshopify.com,other,0,0,0,0,0
2c5bcc-2.myshopify.com,other,0,0,0,0,0
2cba55.myshopify.com,other,0,0,0,0,0
2cwk6q-32.myshopify.com,other,0,0,0,0,0
2d3d-be.myshopify.com,other,0,0,0,0,0
2d40e2-2.myshopify.com,other,0,0,0,0,0
2d2774.myshopify.com,other,0,0,0,0,0
2d9141.myshopify.com,other,0,0,0,0,0
2d8aae-2.myshopify.com,other,0,0,0,0,0
2dcat-music.myshopify.com,other,0,0,0,0,0
2dddce-f0.myshopify.com,other,0,0,0,0,0
2di0ga-nd.myshopify.com,other,0,0,0,0,0
2e3a5f.myshopify.com,other,0,0,0,0,0
2eaa8b-2.myshopify.com,other,0,0,0,0,0
2ertwb-pg.myshopify.com,other,0,0,0,0,0
2f5664.myshopify.com,other,0,0,0,0,0
2f68f4.myshopify.com,other,0,0,0,0,0
2fast-performance.myshopify.com,other,0,0,0,0,0
2fastshop.myshopify.com,other,0,0,0,0,0
2fb1ef-1c.myshopify.com,other,0,0,0,0,0
2iaiph-ar.myshopify.com,other,0,0,0,0,0
2fb486-ea.myshopify.com,other,0,0,0,0,0
2gg-com.myshopify.com,other,0,0,0,0,0
2ik6nf-sd.myshopify.com,other,0,0,0,0,0
2imhj8-qr.myshopify.com,other,0,0,0,0,0
2many-clothing.myshopify.com,other,0,0,0,0,0
2n4qtw-m0.myshopify.com,other,0,0,0,0,0
2ndc.myshopify.com,other,0,0,0,0,0
2nd-impressions-upscale-thrift-store.myshopify.com,other,0,0,0,0,0
2nmxah-u1.myshopify.com,other,0,0,0,0,0
2rj1vp-gp.myshopify.com,other,0,0,0,0,0
2qsah0-f7.myshopify.com,other,0,0,0,0,0
2performant.myshopify.com,other,0,0,0,0,0
2sgijv-y1.myshopify.com,other,0,0,0,0,0
2sistersfarms.myshopify.com,other,0,0,0,0,0
2vs-apparel.myshopify.com,other,0,0,0,0,0
2ttoys.myshopify.com,other,0,0,0,0,0
2wasns-m1.myshopify.com,other,0,0,0,0,0
3-eggs-design.myshopify.com,other,0,0,0,0,0
3-event-store.myshopify.com,other,0,0,0,0,0
3-nugateers-inc.myshopify.com,other,0,0,0,0,0
3-rivers-outdoor-co.myshopify.com,other,0,0,0,0,0
3-sisters-archive.myshopify.com,other,0,0,0,0,0
30-0370aa-mol.myshopify.com,other,0,0,0,0,0
300-letters.myshopify.com,other,0,0,0,0,0
305bb8-3.myshopify.com,other,0,0,0,0,0
3067fa-2.myshopify.com,other,0,0,0,0,0
307304.myshopify.com,other,0,0,0,0,0
310-brown-street.myshopify.com,other,0,0,0,0,0
309-wild-daisies-boutique.myshopify.com,other,0,0,0,0,0
30d6a1-90.myshopify.com,other,0,0,0,0,0
31-0077aa-mol.myshopify.com,other,0,0,0,0,0
313-apparel-company.myshopify.com,other,0,0,0,0,0
307wyoming.myshopify.com,other,0,0,0,0,0
3128d2.myshopify.com,other,0,0,0,0,0
313-body.myshopify.com,other,0,0,0,0,0
313beautysupply.myshopify.com,other,0,0,0,0,0
314f2e.myshopify.com,other,0,0,0,0,0
316collection-popup.myshopify.com,other,0,0,0,0,0
317graphicandapparel-com.myshopify.com,other,0,0,0,0,0
317graphicsandapparel.myshopify.com,other,0,0,0,0,0
31a503-18.myshopify.com,other,0,0,0,0,0
31a97b-2.myshopify.com,other,0,0,0,0,0
32-audio.myshopify.com,other,0,0,0,0,0
31rz3h-vq.myshopify.com,other,0,0,0,0,0
31c798-d7.myshopify.com,other,0,0,0,0,0
31eecc-f4.myshopify.com,other,0,0,0,0,0
320south.myshopify.com,other,0,0,0,0,0
3250c3-2.myshopify.com,other,0,0,0,0,0
321-glo.myshopify.com,other,0,0,0,0,0
325696-4.myshopify.com,other,0,0,0,0,0
325a73-53.myshopify.com,other,0,0,0,0,0
32831f-aa.myshopify.com,other,0,0,0,0,0
32e5c1.myshopify.com,other,0,0,0,0,0
32times.myshopify.com,other,0,0,0,0,0
330fbf-5.myshopify.com,other,0,0,0,0,0
336251-e9.myshopify.com,other,0,0,0,0,0
334a2a-3.myshopify.com,other,0,0,0,0,0
337e0d-2.myshopify.com,other,0,0,0,0,0
340qw1-5f.myshopify.com,other,0,0,0,0,0
34-0086aa-mol.myshopify.com,other,0,0,0,0,0
34-3855aa-mol.myshopify.com,other,0,0,0,0,0
339852.myshopify.com,other,0,0,0,0,0
340aa2.myshopify.com,other,0,0,0,0,0
339fc1-25.myshopify.com,other,0,0,0,0,0
341272.myshopify.com,other,0,0,0,0,0
34655f-2d.myshopify.com,other,0,0,0,0,0
346grit.myshopify.com,other,0,0,0,0,0
3490da-f3.myshopify.com,other,0,0,0,0,0
34e75e-19.myshopify.com,other,0,0,0,0,0
3509bd-2.myshopify.com,other,0,0,0,0,0
358project.myshopify.com,other,0,0,0,0,0
35924e-2.myshopify.com,other,0,0,0,0,0
356bfd-2.myshopify.com,other,0,0,0,0,0
360-fitness-superstore-ca.myshopify.com,other,0,0,0,0,0
35e028-7d.myshopify.com,other,0,0,0,0,0
360invisible.myshopify.com,other,0,0,0,0,0
360-medicine.myshopify.com,other,0,0,0,0,0
363e71-2.myshopify.com,other,0,0,0,0,0
360cookware.myshopify.com,other,0,0,0,0,0
36a995.myshopify.com,other,0,0,0,0,0
3710ac-14.myshopify.com,other,0,0,0,0,0
37335e-74.myshopify.com,other,0,0,0,0,0
376c5f-4d.myshopify.com,other,0,0,0,0,0
382743-2.myshopify.com,other,0,0,0,0,0
38555e-7f.myshopify.com,other,0,0,0,0,0
383d6e-ab.myshopify.com,other,0,0,0,0,0
386717-2.myshopify.com,other,0,0,0,0,0
386aba-2.myshopify.com,other,0,0,0,0,0
38cf4a.myshopify.com,other,0,0,0,0,0
39-0933aa-mol.myshopify.com,other,0,0,0,0,0
390f64-2.myshopify.com,other,0,0,0,0,0
3941eb-2.myshopify.com,other,0,0,0,0,0
397187-9b.myshopify.com,other,0,0,0,0,0
3962c2.myshopify.com,other,0,0,0,0,0
39b726-05.myshopify.com,other,0,0,0,0,0
39ef53-88.myshopify.com,other,0,0,0,0,0
3a037c-2.myshopify.com,other,0,0,0,0,0
3a62b7.myshopify.com,other,0,0,0,0,0
3a6dde.myshopify.com,other,0,0,0,0,0
3abfcd-b6.myshopify.com,other,0,0,0,0,0
3ae0a7.myshopify.com,other,0,0,0,0,0
3bea18-2.myshopify.com,other,0,0,0,0,0
3b4y93-84.myshopify.com,other,0,0,0,0,0
3asboutique.myshopify.com,other,0,0,0,0,0
3c-creations.myshopify.com,other,0,0,0,0,0
3c4613.myshopify.com,other,0,0,0,0,0
3c1c92-a3.myshopify.com,other,0,0,0,0,0
3cdd86-53.myshopify.com,other,0,0,0,0,0
3cf273.myshopify.com,other,0,0,0,0,0
3cocottes.myshopify.com,other,0,0,0,0,0
3cr-shop.myshopify.com,other,0,0,0,0,0
3d-laser-land.myshopify.com,other,0,0,0,0,0
3d02a7-09.myshopify.com,other,0,0,0,0,0
3d4d7d-2.myshopify.com,other,0,0,0,0,0
3d19d8-2.myshopify.com,other,0,0,0,0,0
3dab9a-07.myshopify.com,other,0,0,0,0,0
3d47a8-a6.myshopify.com,other,0,0,0,0,0
3dmingdaofficial.myshopify.com,other,0,0,0,0,0
3dd072-55.myshopify.com,other,0,0,0,0,0
3dcreatables.myshopify.com,other,0,0,0,0,0
3ded8c-72.myshopify.com,other,0,0,0,0,0
3dreams-shop-at.myshopify.com,other,0,0,0,0,0
3dselfieshop.myshopify.com,other,0,0,0,0,0
3dsrenew.myshopify.com,other,0,0,0,0,0
3dtechfusion.myshopify.com,other,0,0,0,0,0
3e3497-db.myshopify.com,other,0,0,0,0,0
3e8f06.myshopify.com,other,0,0,0,0,0
3eae14.myshopify.com,other,0,0,0,0,0
3edf7e-a0.myshopify.com,other,0,0,0,0,0
3f5057-2.myshopify.com,other,0,0,0,0,0
3eee25-2.myshopify.com,other,0,0,0,0,0
3f948f-3.myshopify.com,other,0,0,0,0,0
3f4ded-4.myshopify.com,other,0,0,0,0,0
3fbba7-fe.myshopify.com,other,0,0,0,0,0
3fc58b.myshopify.com,other,0,0,0,0,0
3fc905.myshopify.com,other,0,0,0,0,0
3fca1f.myshopify.com,other,0,0,0,0,0
3ffd6f-3.myshopify.com,other,0,0,0,0,0
3form-reclaim.myshopify.com,other,0,0,0,0,0
3hj1dd-a4.myshopify.com,other,0,0,0,0,0
3igjtt-wc.myshopify.com,other,0,0,0,0,0
3l-waist-beads.myshopify.com,other,0,0,0,0,0
3mfilmcollateral.myshopify.com,other,0,0,0,0,0
3m-training-graphics.myshopify.com,other,0,0,0,0,0
3rdwaveapparel.myshopify.com,other,0,0,0,0,0
3rd-step-novelties.myshopify.com,other,0,0,0,0,0
3rd-lindsley.myshopify.com,other,0,0,0,0,0
3rdc1n-3w.myshopify.com,other,0,0,0,0,0
3storiestrading.myshopify.com,other,0,0,0,0,0
3tt-coffee.myshopify.com,other,0,0,0,0,0
3txn8k-pg.myshopify.com,other,0,0,0,0,0
3up-kyoto.myshopify.com,other,0,0,0,0,0
3vitbf-ba.myshopify.com,other,0,0,0,0,0
3vre1w-a7.myshopify.com,other,0,0,0,0,0
3w1irx-nc.myshopify.com,other,0,0,0,0,0
3xcgtn-my.myshopify.com,other,0,0,0,0,0
4-dental-docs.myshopify.com,other,0,0,0,0,0
3yearshollow.myshopify.com,other,0,0,0,0,0
3ydrgc-u5.myshopify.com,other,0,0,0,0,0
3zeiff.myshopify.com,other,0,0,0,0,0
4-gauge.myshopify.com,other,0,0,0,0,0
4-seasons-coffee.myshopify.com,other,0,0,0,0,0
4-little-hearts.myshopify.com,other,0,0,0,0,0
4-the-love-of-thingz.myshopify.com,other,0,0,0,0,0
400-rs-home-design.myshopify.com,other,0,0,0,0,0
404cbb.myshopify.com,other,0,0,0,0,0
409977-f4.myshopify.com,other,0,0,0,0,0
40ab04-2.myshopify.com,other,0,0,0,0,0
40b93b-c3.myshopify.com,other,0,0,0,0,0
40bfb1.myshopify.com,other,0,0,0,0,0
40dwvv-rd.myshopify.com,other,0,0,0,0,0
40fac5.myshopify.com,other,0,0,0,0,0
410333-3.myshopify.com,other,0,0,0,0,0
41-north-coffee.myshopify.com,other,0,0,0,0,0
416clay-studio.myshopify.com,other,0,0,0,0,0
417-refine.myshopify.com,other,0,0,0,0,0
41d549.myshopify.com,other,0,0,0,0,0
41e34f.myshopify.com,other,0,0,0,0,0
420812-1a.myshopify.com,other,0,0,0,0,0
420fizz.myshopify.com,other,0,0,0,0,0
420sport-apparel.myshopify.com,other,0,0,0,0,0
423e75.myshopify.com,other,0,0,0,0,0
42472b-a0.myshopify.com,other,0,0,0,0,0
426465-cd.myshopify.com,other,0,0,0,0,0
42a005-90.myshopify.com,other,0,0,0,0,0
42b3e6-38.myshopify.com,other,0,0,0,0,0
42cc84-3.myshopify.com,other,0,0,0,0,0
43140e.myshopify.com,other,0,0,0,0,0
43173e-6.myshopify.com,other,0,0,0,0,0
433680-9b.myshopify.com,other,0,0,0,0,0
43daniellewilson.myshopify.com,other,0,0,0,0,0
43f3c4-23.myshopify.com,other,0,0,0,0,0
44-marketplace.myshopify.com,other,0,0,0,0,0
43e99c-71.myshopify.com,other,0,0,0,0,0
441bc0-4.myshopify.com,other,0,0,0,0,0
444percent.myshopify.com,other,0,0,0,0,0
445650-2.myshopify.com,other,0,0,0,0,0
445bb9-2.myshopify.com,other,0,0,0,0,0
44bdff-d8.myshopify.com,other,0,0,0,0,0
44d3e8-2.myshopify.com,other,0,0,0,0,0
44foods.myshopify.com,other,0,0,0,0,0
452796.myshopify.com,other,0,0,0,0,0
453d4e-3.myshopify.com,other,0,0,0,0,0
4623cc.myshopify.com,other,0,0,0,0,0
463434.myshopify.com,other,0,0,0,0,0
4698bf-4.myshopify.com,other,0,0,0,0,0
468cdc-3.myshopify.com,other,0,0,0,0,0
46a146-be.myshopify.com,other,0,0,0,0,0
46a128-2.myshopify.com,other,0,0,0,0,0
46a209.myshopify.com,other,0,0,0,0,0
46edd8-2.myshopify.com,other,0,0,0,0,0
46faa7-3.myshopify.com,other,0,0,0,0,0
470657-4a.myshopify.com,other,0,0,0,0,0
476a67-2.myshopify.com,other,0,0,0,0,0
479527.myshopify.com,other,0,0,0,0,0
479908-4.myshopify.com,other,0,0,0,0,0
47a169-37.myshopify.com,other,0,0,0,0,0
47f05a-2.myshopify.com,other,0,0,0,0,0
47f6ab.myshopify.com,other,0,0,0,0,0
47fb2f.myshopify.com,other,0,0,0,0,0
4829cc.myshopify.com,other,0,0,0,0,0
48-0357aa-mol.myshopify.com,other,0,0,0,0,0
486b44-e4.myshopify.com,other,0,0,0,0,0
480e86-8e.myshopify.com,other,0,0,0,0,0
487256-5a.myshopify.com,other,0,0,0,0,0
48967b-2.myshopify.com,other,0,0,0,0,0
48a4b2-7c.myshopify.com,other,0,0,0,0,0
48apts-de.myshopify.com,other,0,0,0,0,0
48efb3-0f.myshopify.com,other,0,0,0,0,0
49-0846aa-mol.myshopify.com,other,0,0,0,0,0
491886-2.myshopify.com,other,0,0,0,0,0
49a0aa-33.myshopify.com,other,0,0,0,0,0
49afde-2.myshopify.com,other,0,0,0,0,0
49dzineedmonton.myshopify.com,other,0,0,0,0,0
4a3241.myshopify.com,other,0,0,0,0,0
49er-and-nacra-dues-and-entry.myshopify.com,other,0,0,0,0,0
4a6f10-ec.myshopify.com,other,0,0,0,0,0
49sb0q-8i.myshopify.com,other,0,0,0,0,0
49winchester.myshopify.com,other,0,0,0,0,0
4ab4d2-2.myshopify.com,other,0,0,0,0,0
4aee5d-6.myshopify.com,other,0,0,0,0,0
4aw-store.myshopify.com,other,0,0,0,0,0
4b0710-2.myshopify.com,other,0,0,0,0,0
4b0fc5-2.myshopify.com,other,0,0,0,0,0
4b545b-2.myshopify.com,other,0,0,0,0,0
4b65ce-dc.myshopify.com,other,0,0,0,0,0
4bc056-ab.myshopify.com,other,0,0,0,0,0
4bdd3f.myshopify.com,other,0,0,0,0,0
4c9744-97.myshopify.com,other,0,0,0,0,0
4cb8bb-2.myshopify.com,other,0,0,0,0,0
4c4c0e.myshopify.com,other,0,0,0,0,0
4c98e3.myshopify.com,other,0,0,0,0,0
4c6ac2-96.myshopify.com,other,0,0,0,0,0
4ccccees.myshopify.com,other,0,0,0,0,0
4ccd8a-5f.myshopify.com,other,0,0,0,0,0
4cce23.myshopify.com,other,0,0,0,0,0
4clear-2.myshopify.com,other,0,0,0,0,0
4conly.myshopify.com,other,0,0,0,0,0
4e40e2.myshopify.com,other,0,0,0,0,0
4d82a2.myshopify.com,other,0,0,0,0,0
4dvi.myshopify.com,other,0,0,0,0,0
4e7ce7.myshopify.com,other,0,0,0,0,0
4ea885-3.myshopify.com,other,0,0,0,0,0
4ef8d5-88.myshopify.com,other,0,0,0,0,0
4f581c-2e.myshopify.com,other,0,0,0,0,0
4f0c38.myshopify.com,other,0,0,0,0,0
4f1a60-2.myshopify.com,other,0,0,0,0,0
4f918e-3.myshopify.com,other,0,0,0,0,0
4f6310-2.myshopify.com,other,0,0,0,0,0
4faa78-4.myshopify.com,other,0,0,0,0,0
4fb2e5.myshopify.com,other,0,0,0,0,0
4fb633-ys.myshopify.com,other,0,0,0,0,0
4fe9a0.myshopify.com,other,0,0,0,0,0
4fourvision.myshopify.com,other,0,0,0,0,0
4furs.myshopify.com,other,0,0,0,0,0
4i-pro.myshopify.com,other,0,0,0,0,0
4ingoco.myshopify.com,other,0,0,0,0,0
4legs-de-von-ramin.myshopify.com,other,0,0,0,0,0
4lorish-fitness.myshopify.com,other,0,0,0,0,0
4naturalhealthwellness.myshopify.com,other,0,0,0,0,0
4mommynl.myshopify.com,other,0,0,0,0,0
4p-stage.myshopify.com,other,0,0,0,0,0
4noggins-com.myshopify.com,other,0,0,0,0,0
4mvzmp-p7.myshopify.com,other,0,0,0,0,0
4pcbvv-tw.myshopify.com,other,0,0,0,0,0
4peace365-com.myshopify.com,other,0,0,0,0,0
4plusapparel.myshopify.com,other,0,0,0,0,0
4shaw-3.myshopify.com,other,0,0,0,0,0
4t013s-mn.myshopify.com,other,0,0,0,0,0
4th-street-night-market.myshopify.com,other,0,0,0,0,0
4thehardwaybasketball.myshopify.com,other,0,0,0,0,0
4touge.myshopify.com,other,0,0,0,0,0
4txqzn-pg.myshopify.com,other,0,0,0,0,0
4uadsmartairsoft.myshopify.com,other,0,0,0,0,0
4u2njoiproductions.myshopify.com,other,0,0,0,0,0
4unmeskin-223.myshopify.com,other,0,0,0,0,0
4x4-wholesalers-africa.myshopify.com,other,0,0,0,0,0
4ygt7y-bp.myshopify.com,other,0,0,0,0,0
4x4labs.myshopify.com,other,0,0,0,0,0
4yyx0j-zt.myshopify.com,other,0,0,0,0,0
4zfmzf-at.myshopify.com,other,0,0,0,0,0
5-point-car-care.myshopify.com,other,0,0,0,0,0
5-star-equine.myshopify.com,other,0,0,0,0,0
500-level-wholesale.myshopify.com,other,0,0,0,0,0
502113-2c.myshopify.com,other,0,0,0,0,0
50-eggs.myshopify.com,other,0,0,0,0,0
5024generalstore.myshopify.com,other,0,0,0,0,0
504342-2.myshopify.com,other,0,0,0,0,0
5050ottawahospitalfoundation.myshopify.com,other,0,0,0,0,0
5090a6-d9.myshopify.com,other,0,0,0,0,0
507047-5.myshopify.com,other,0,0,0,0,0
50d8aa-35.myshopify.com,other,0,0,0,0,0
512537-2.myshopify.com,other,0,0,0,0,0
50qpch-7v.myshopify.com,other,0,0,0,0,0
512-furniture.myshopify.com,other,0,0,0,0,0
5150-returns.myshopify.com,other,0,0,0,0,0
518058-57.myshopify.com,other,0,0,0,0,0
5182da-35.myshopify.com,other,0,0,0,0,0
518a67-d8.myshopify.com,other,0,0,0,0,0
51a8d0-f9.myshopify.com,other,0,0,0,0,0
519b2e.myshopify.com,other,0,0,0,0,0
518ac7-2.myshopify.com,other,0,0,0,0,0
51b3b3-72.myshopify.com,other,0,0,0,0,0
51b433-1b.myshopify.com,other,0,0,0,0,0
51cfev-ma.myshopify.com,other,0,0,0,0,0
51bb08-2.myshopify.com,other,0,0,0,0,0
51ce5d-fe.myshopify.com,other,0,0,0,0,0
52593a-51.myshopify.com,other,0,0,0,0,0
51eaa2-2.myshopify.com,other,0,0,0,0,0
52ruby.myshopify.com,other,0,0,0,0,0
526d7f-3.myshopify.com,other,0,0,0,0,0
531e24.myshopify.com,other,0,0,0,0,0
53b79d-3.myshopify.com,other,0,0,0,0,0
541customs.myshopify.com,other,0,0,0,0,0
54aea3-3.myshopify.com,other,0,0,0,0,0
549f4b-2.myshopify.com,other,0,0,0,0,0
54be3d-2.myshopify.com,other,0,0,0,0,0
54f210-2.myshopify.com,other,0,0,0,0,0
55e9c7-2.myshopify.com,other,0,0,0,0,0
57cbd8-3.myshopify.com,other,0,0,0,0,0
56ef9d.myshopify.com,other,0,0,0,0,0
57f126-de.myshopify.com,other,0,0,0,0,0
58-designs-llc.myshopify.com,other,0,0,0,0,0
59-parks.myshopify.com,other,0,0,0,0,0
591cb4.myshopify.com,other,0,0,0,0,0
591dff.myshopify.com,other,0,0,0,0,0
592015-16.myshopify.com,other,0,0,0,0,0
592167.myshopify.com,other,0,0,0,0,0
59694b-2.myshopify.com,other,0,0,0,0,0
597459-3.myshopify.com,other,0,0,0,0,0
598b74-3.myshopify.com,other,0,0,0,0,0
5999fb-3.myshopify.com,other,0,0,0,0,0
599fbc-c5.myshopify.com,other,0,0,0,0,0
59ae1d-ad.myshopify.com,other,0,0,0,0,0
5ae591-19.myshopify.com,other,0,0,0,0,0
5ad0bf-2.myshopify.com,other,0,0,0,0,0
5aycy0-ri.myshopify.com,other,0,0,0,0,0
5b278d-2.myshopify.com,other,0,0,0,0,0
5b9c99.myshopify.com,other,0,0,0,0,0
5bb1bc-3.myshopify.com,other,0,0,0,0,0
5bf4d7-c1.myshopify.com,other,0,0,0,0,0
5boronyc.myshopify.com,other,0,0,0,0,0
5bsy8n-4a.myshopify.com,other,0,0,0,0,0
5c9945-b7.myshopify.com,other,0,0,0,0,0
5ccc96-2c.myshopify.com,other,0,0,0,0,0
5ce5c1-4.myshopify.com,other,0,0,0,0,0
5cn70q-iv.myshopify.com,other,0,0,0,0,0
5d0907-96.myshopify.com,other,0,0,0,0,0
5d096b-2.myshopify.com,other,0,0,0,0,0
5d9a89-3.myshopify.com,other,0,0,0,0,0
5e7dd7-d7.myshopify.com,other,0,0,0,0,0
5eec72-ed.myshopify.com,other,0,0,0,0,0
5e534e-2.myshopify.com,other,0,0,0,0,0
5dmarketplace.myshopify.com,other,0,0,0,0,0
5f0234-b7.myshopify.com,other,0,0,0,0,0
5f3968.myshopify.com,other,0,0,0,0,0
5f4650.myshopify.com,other,0,0,0,0,0
5f5e84-02.myshopify.com,other,0,0,0,0,0
5fc775.myshopify.com,other,0,0,0,0,0
5fd05a.myshopify.com,other,0,0,0,0,0
5gau0u-jp.myshopify.com,other,0,0,0,0,0
5h-manufacturing-ltd.myshopify.com,other,0,0,0,0,0
5hdv15-bn.myshopify.com,other,0,0,0,0,0
5ive-d.myshopify.com,other,0,0,0,0,0
5k1vz3-hh.myshopify.com,other,0,0,0,0,0
5xzb0m-ug.myshopify.com,other,0,0,0,0,0
5xk0du-03.myshopify.com,other,0,0,0,0,0
5mhbfj-sb.myshopify.com,other,0,0,0,0,0
6-5-4-general-store.myshopify.com,other,0,0,0,0,0
6-day-weight-loss.myshopify.com,other,0,0,0,0,0
607c63.myshopify.com,other,0,0,0,0,0
608threads.myshopify.com,other,0,0,0,0,0
60984e-f6.myshopify.com,other,0,0,0,0,0
60a9e9-2.myshopify.com,other,0,0,0,0,0
618b88-2.myshopify.com,other,0,0,0,0,0
6190d2.myshopify.com,other,0,0,0,0,0
6241ff-3.myshopify.com,other,0,0,0,0,0
62774f-2.myshopify.com,other,0,0,0,0,0
627af7-71.myshopify.com,other,0,0,0,0,0
62a15c-b4.myshopify.com,other,0,0,0,0,0
62bf1c-2.myshopify.com,other,0,0,0,0,0
62ynsb-ig.myshopify.com,other,0,0,0,0,0
63bb0f.myshopify.com,other,0,0,0,0,0
630laser.myshopify.com,other,0,0,0,0,0
637dfd-4e.myshopify.com,other,0,0,0,0,0
636d6f-3.myshopify.com,other,0,0,0,0,0
63ec96-60.myshopify.com,other,0,0,0,0,0
64038b-83.myshopify.com,other,0,0,0,0,0
64104e-2.myshopify.com,other,0,0,0,0,0
64833a-84.myshopify.com,other,0,0,0,0,0
653e2a-32.myshopify.com,other,0,0,0,0,0
65ecbc.myshopify.com,other,0,0,0,0,0
66-1451aa-mol.myshopify.com,other,0,0,0,0,0
66-1674aa-mol.myshopify.com,other,0,0,0,0,0
66-2428aa-mol.myshopify.com,other,0,0,0,0,0
660767.myshopify.com,other,0,0,0,0,0
66-2559aa-mol.myshopify.com,other,0,0,0,0,0
662270-19.myshopify.com,other,0,0,0,0,0
66242d-45.myshopify.com,other,0,0,0,0,0
66f859-a4.myshopify.com,other,0,0,0,0,0
666eb4-4.myshopify.com,other,0,0,0,0,0
67632b-3.myshopify.com,other,0,0,0,0,0
672216-3.myshopify.com,other,0,0,0,0,0
6768ae-6e.myshopify.com,other,0,0,0,0,0
678ef9.myshopify.com,other,0,0,0,0,0
67bdyi-ei.myshopify.com,other,0,0,0,0,0
67d72c-3.myshopify.com,other,0,0,0,0,0
67db75-35.myshopify.com,other,0,0,0,0,0
67ef9e-57.myshopify.com,other,0,0,0,0,0
680187-54.myshopify.com,other,0,0,0,0,0
686b84-dd.myshopify.com,other,0,0,0,0,0
6870f1-19.myshopify.com,other,0,0,0,0,0
691e63-2.myshopify.com,other,0,0,0,0,0
69ec32.myshopify.com,other,0,0,0,0,0
69f413.myshopify.com,other,0,0,0,0,0
6a349a-3.myshopify.com,other,0,0,0,0,0
6a82c4.myshopify.com,other,0,0,0,0,0
6a6df7-94.myshopify.com,other,0,0,0,0,0
6a87f2.myshopify.com,other,0,0,0,0,0
6ab1ff.myshopify.com,other,0,0,0,0,0
6b2c3e-dc.myshopify.com,other,0,0,0,0,0
6b37a2-4.myshopify.com,other,0,0,0,0,0
6b7f4e-4.myshopify.com,other,0,0,0,0,0
6b8098.myshopify.com,other,0,0,0,0,0
6bb592-3.myshopify.com,other,0,0,0,0,0
6bd6dd-48.myshopify.com,other,0,0,0,0,0
6bu5mk-e1.myshopify.com,other,0,0,0,0,0
6ce4uw-ti.myshopify.com,other,0,0,0,0,0
6c36e5-17.myshopify.com,other,0,0,0,0,0
6d0c79.myshopify.com,other,0,0,0,0,0
6cf553-4d.myshopify.com,other,0,0,0,0,0
6dbd91-2.myshopify.com,other,0,0,0,0,0
6dab36-16.myshopify.com,other,0,0,0,0,0
6e5250-66.myshopify.com,other,0,0,0,0,0
6e5e6b-43.myshopify.com,other,0,0,0,0,0
6e9f71-4.myshopify.com,other,0,0,0,0,0
6ee07c.myshopify.com,other,0,0,0,0,0
6f0bc5-3.myshopify.com,other,0,0,0,0,0
6f25ae-2.myshopify.com,other,0,0,0,0,0
6f2cae-fb.myshopify.com,other,0,0,0,0,0
6f38e1-b0.myshopify.com,other,0,0,0,0,0
6f4e92-60.myshopify.com,other,0,0,0,0,0
6gwrvz-rb.myshopify.com,other,0,0,0,0,0
6phqr3-ts.myshopify.com,other,0,0,0,0,0
6pyg0k-jn.myshopify.com,other,0,0,0,0,0
6sdgdx-b4.myshopify.com,other,0,0,0,0,0
6gtczz-b6.myshopify.com,other,0,0,0,0,0
6sf30x-s4.myshopify.com,other,0,0,0,0,0
6thsensefishing.myshopify.com,other,0,0,0,0,0
6ttyyt-md.myshopify.com,other,0,0,0,0,0
6voltiosmerch.myshopify.com,other,0,0,0,0,0
6vzzpw-8v.myshopify.com,other,0,0,0,0,0
6wxywg-50.myshopify.com,other,0,0,0,0,0
6xiet2-r5.myshopify.com,other,0,0,0,0,0
6z5k9c-cr.myshopify.com,other,0,0,0,0,0
7-rhodes-beef-co.myshopify.com,other,0,0,0,0,0
70252f.myshopify.com,other,0,0,0,0,0
7-cbd.myshopify.com,other,0,0,0,0,0
701299.myshopify.com,other,0,0,0,0,0
70dbae-d7.myshopify.com,other,0,0,0,0,0
70e321.myshopify.com,other,0,0,0,0,0
70e62d.myshopify.com,other,0,0,0,0,0
713tattooshop.myshopify.com,other,0,0,0,0,0
714decal.myshopify.com,other,0,0,0,0,0
71800f-3.myshopify.com,other,0,0,0,0,0
71ac18.myshopify.com,other,0,0,0,0,0
71s20f-iv.myshopify.com,other,0,0,0,0,0
724exotics.myshopify.com,other,0,0,0,0,0
72a75b-c8.myshopify.com,other,0,0,0,0,0
732fe2-3.myshopify.com,other,0,0,0,0,0
7399f3-2.myshopify.com,other,0,0,0,0,0
740bfx-n1.myshopify.com,other,0,0,0,0,0
73f7b8-3.myshopify.com,other,0,0,0,0,0
75160e-3.myshopify.com,other,0,0,0,0,0
74e48d-4.myshopify.com,other,0,0,0,0,0
748f55-5.myshopify.com,other,0,0,0,0,0
752ff1-62.myshopify.com,other,0,0,0,0,0
7440cf-2.myshopify.com,other,0,0,0,0,0
75661a-8b.myshopify.com,other,0,0,0,0,0
7576e7-ce.myshopify.com,other,0,0,0,0,0
75e9bf-fe.myshopify.com,other,0,0,0,0,0
75f36d-2.myshopify.com,other,0,0,0,0,0
76072b-2.myshopify.com,other,0,0,0,0,0
763da4-2.myshopify.com,other,0,0,0,0,0
769ebn-2d.myshopify.com,other,0,0,0,0,0
76b1f2-79.myshopify.com,other,0,0,0,0,0
773d6e-4.myshopify.com,other,0,0,0,0,0
76fe3a-de.myshopify.com,other,0,0,0,0,0
777947.myshopify.com,other,0,0,0,0,0
775ca8.myshopify.com,other,0,0,0,0,0
77e3b0-f6.myshopify.com,other,0,0,0,0,0
77c6a6-2.myshopify.com,other,0,0,0,0,0
78c393-4c.myshopify.com,other,0,0,0,0,0
780f82.myshopify.com,other,0,0,0,0,0
78d568-2b.myshopify.com,other,0,0,0,0,0
792f66-2.myshopify.com,other,0,0,0,0,0
795227-43.myshopify.com,other,0,0,0,0,0
79acad-46.myshopify.com,other,0,0,0,0,0
7a4d84-4.myshopify.com,other,0,0,0,0,0
7a640e-3.myshopify.com,other,0,0,0,0,0
7a8268-2.myshopify.com,other,0,0,0,0,0
7a90ik-0y.myshopify.com,other,0,0,0,0,0
7c1409-2.myshopify.com,other,0,0,0,0,0
7b17bf-2.myshopify.com,other,0,0,0,0,0
7c655e-5b.myshopify.com,other,0,0,0,0,0
7c474d.myshopify.com,other,0,0,0,0,0
7b8cc0.myshopify.com,other,0,0,0,0,0
7c8b0c-2.myshopify.com,other,0,0,0,0,0
7c51ef-a9.myshopify.com,other,0,0,0,0,0
7cxry4-3h.myshopify.com,other,0,0,0,0,0
7dayshotel.myshopify.com,other,0,0,0,0,0
7dc15a-7a.myshopify.com,other,0,0,0,0,0
7e60f0-4b.myshopify.com,other,0,0,0,0,0
7e9154-de.myshopify.com,other,0,0,0,0,0
7eadb1-2a.myshopify.com,other,0,0,0,0,0
7eqwba-yb.myshopify.com,other,0,0,0,0,0
7ester.myshopify.com,other,0,0,0,0,0
7f0371-c6.myshopify.com,other,0,0,0,0,0
7f17b4.myshopify.com,other,0,0,0,0,0
7f2a1c-8a.myshopify.com,other,0,0,0,0,0
7f47c1-2.myshopify.com,other,0,0,0,0,0
7f722f-fb.myshopify.com,other,0,0,0,0,0
7f9d19-2.myshopify.com,other,0,0,0,0,0
7f76bb.myshopify.com,other,0,0,0,0,0
7fc096-2.myshopify.com,other,0,0,0,0,0
7fde4f.myshopify.com,other,0,0,0,0,0
7kjyqa-1w.myshopify.com,other,0,0,0,0,0
7klassik.myshopify.com,other,0,0,0,0,0
7m7gzs-iv.myshopify.com,other,0,0,0,0,0
7masakiya.myshopify.com,other,0,0,0,0,0
7mindsets.myshopify.com,other,0,0,0,0,0
7paze0-y6.myshopify.com,other,0,0,0,0,0
7reazc-f4.myshopify.com,other,0,0,0,0,0
7s-3s-hand-crafted-jewelry.myshopify.com,other,0,0,0,0,0
7ts1kq-pj.myshopify.com,other,0,0,0,0,0
7zqkw7-f7.myshopify.com,other,0,0,0,0,0
7w7s9s-az.myshopify.com,other,0,0,0,0,0
8-figure-firm.myshopify.com,other,0,0,0,0,0
7vjg6b-gn.myshopify.com,other,0,0,0,0,0
8-on-8.myshopify.com,other,0,0,0,0,0
803888-4.myshopify.com,other,0,0,0,0,0
805-metal-craft.myshopify.com,other,0,0,0,0,0
806f5c-87.myshopify.com,other,0,0,0,0,0
8078a2-a2.myshopify.com,other,0,0,0,0,0
80d576-a8.myshopify.com,other,0,0,0,0,0
80f5d7-3.myshopify.com,other,0,0,0,0,0
811b19-93.myshopify.com,other,0,0,0,0,0
815537-2.myshopify.com,other,0,0,0,0,0
814745-73.myshopify.com,other,0,0,0,0,0
817b5b-11.myshopify.com,other,0,0,0,0,0
81889b-2.myshopify.com,other,0,0,0,0,0
821a9e-2.myshopify.com,other,0,0,0,0,0
826-boston.myshopify.com,other,0,0,0,0,0
83746d-c3.myshopify.com,other,0,0,0,0,0
837a4c-41.myshopify.com,other,0,0,0,0,0
83b53b-2.myshopify.com,other,0,0,0,0,0
83beb0-8a.myshopify.com,other,0,0,0,0,0
84469c-ee.myshopify.com,other,0,0,0,0,0
848bea-2.myshopify.com,other,0,0,0,0,0
84f96c-2.myshopify.com,other,0,0,0,0,0
85corner.myshopify.com,other,0,0,0,0,0
85furniture.myshopify.com,other,0,0,0,0,0
86c196-4d.myshopify.com,other,0,0,0,0,0
874eb4.myshopify.com,other,0,0,0,0,0
86f07e.myshopify.com,other,0,0,0,0,0
8728fc.myshopify.com,other,0,0,0,0,0
87704b.myshopify.com,other,0,0,0,0,0
88-films.myshopify.com,other,0,0,0,0,0
877workshop.myshopify.com,other,0,0,0,0,0
88191a.myshopify.com,other,0,0,0,0,0
886fba.myshopify.com,other,0,0,0,0,0
88bamboo.myshopify.com,other,0,0,0,0,0
88hynx-ss.myshopify.com,other,0,0,0,0,0
88rising-ln.myshopify.com,other,0,0,0,0,0
89th-and-autumn.myshopify.com,other,0,0,0,0,0
8a407c-2.myshopify.com,other,0,0,0,0,0
8a6np8-je.myshopify.com,other,0,0,0,0,0
8ac450.myshopify.com,other,0,0,0,0,0
8b404e-09.myshopify.com,other,0,0,0,0,0
8aec4f-86.myshopify.com,other,0,0,0,0,0
8bit-aesthetics.myshopify.com,other,0,0,0,0,0
8b2042-11.myshopify.com,other,0,0,0,0,0
8b2858.myshopify.com,other,0,0,0,0,0
8c9prb-jz.myshopify.com,other,0,0,0,0,0
8c8e1d.myshopify.com,other,0,0,0,0,0
8ca8c8.myshopify.com,other,0,0,0,0,0
8d3876-4.myshopify.com,other,0,0,0,0,0
8d91ec-5.myshopify.com,other,0,0,0,0,0
8db5e5-e1.myshopify.com,other,0,0,0,0,0
8dceda-eb-2.myshopify.com,other,0,0,0,0,0
8dd550.myshopify.com,other,0,0,0,0,0
8dfe10-3.myshopify.com,other,0,0,0,0,0
8dfece-2.myshopify.com,other,0,0,0,0,0
8ekpb1-g0.myshopify.com,other,0,0,0,0,0
8f2be9.myshopify.com,other,0,0,0,0,0
8f0f84-6.myshopify.com,other,0,0,0,0,0
8emwvy-aa.myshopify.com,other,0,0,0,0,0
8f988a.myshopify.com,other,0,0,0,0,0
8five2.myshopify.com,other,0,0,0,0,0
8f9631-e9.myshopify.com,other,0,0,0,0,0
8ggbgj-bq.myshopify.com,other,0,0,0,0,0
8hzx1c-vd.myshopify.com,other,0,0,0,0,0
8jnsyu-ef.myshopify.com,other,0,0,0,0,0
8nvkw2-ix.myshopify.com,other,0,0,0,0,0
8thandromans.myshopify.com,other,0,0,0,0,0
8v18yq-i7.myshopify.com,other,0,0,0,0,0
8ybgfj-re.myshopify.com,other,0,0,0,0,0
8ydnr0-3a.myshopify.com,other,0,0,0,0,0
8ykqhn-8z.myshopify.com,other,0,0,0,0,0
90-10.myshopify.com,other,0,0,0,0,0
90043la.myshopify.com,other,0,0,0,0,0
901bcb-2.myshopify.com,other,0,0,0,0,0
90f29c-2.myshopify.com,other,0,0,0,0,0
90c3c4-4.myshopify.com,other,0,0,0,0,0
911-health-shop.myshopify.com,other,0,0,0,0,0
91dcfc-66.myshopify.com,other,0,0,0,0,0
915447.myshopify.com,other,0,0,0,0,0
913272-7a.myshopify.com,other,0,0,0,0,0
91f257-8a.myshopify.com,other,0,0,0,0,0
921f3b-2.myshopify.com,other,0,0,0,0,0
923da3-3b.myshopify.com,other,0,0,0,0,0
928srus-inc.myshopify.com,other,0,0,0,0,0
929b55.myshopify.com,other,0,0,0,0,0
92e425-fc.myshopify.com,other,0,0,0,0,0
930-club.myshopify.com,other,0,0,0,0,0
932a36-0b.myshopify.com,other,0,0,0,0,0
93b9f8.myshopify.com,other,0,0,0,0,0
936cde-2.myshopify.com,other,0,0,0,0,0
946464.myshopify.com,other,0,0,0,0,0
940b44-2.myshopify.com,other,0,0,0,0,0
94d5b5-79.myshopify.com,other,0,0,0,0,0
9448d7-eb.myshopify.com,other,0,0,0,0,0
94db33.myshopify.com,other,0,0,0,0,0
941c4f-2.myshopify.com,other,0,0,0,0,0
9513fd.myshopify.com,other,0,0,0,0,0
956897-3f.myshopify.com,other,0,0,0,0,0
95ca4c.myshopify.com,other,0,0,0,0,0
966e21-2.myshopify.com,other,0,0,0,0,0
967a95-3.myshopify.com,other,0,0,0,0,0
968c2e-2.myshopify.com,other,0,0,0,0,0
97dfd9-e7.myshopify.com,other,0,0,0,0,0
970ea9.myshopify.com,other,0,0,0,0,0
999medical.myshopify.com,other,0,0,0,0,0
968e7f-2.myshopify.com,other,0,0,0,0,0
977767-34.myshopify.com,other,0,0,0,0,0
990e59-2.myshopify.com,other,0,0,0,0,0
976468-ad.myshopify.com,other,0,0,0,0,0
99ae06-91.myshopify.com,other,0,0,0,0,0
9a2417-f9.myshopify.com,other,0,0,0,0,0
99b370-2.myshopify.com,other,0,0,0,0,0
9abbbf-90.myshopify.com,other,0,0,0,0,0
9ac0ff.myshopify.com,other,0,0,0,0,0
9acjsh-fn.myshopify.com,other,0,0,0,0,0
9ad8cb-2.myshopify.com,other,0,0,0,0,0
9b2035-5.myshopify.com,other,0,0,0,0,0
9bc7bb-2f.myshopify.com,other,0,0,0,0,0
9bfb4a-3.myshopify.com,other,0,0,0,0,0
9c7aeb-3.myshopify.com,other,0,0,0,0,0
9c8524-3.myshopify.com,other,0,0,0,0,0
9c83df-ce.myshopify.com,other,0,0,0,0,0
9ccad8-2.myshopify.com,other,0,0,0,0,0
9c800f-d0.myshopify.com,other,0,0,0,0,0
9d4c80-2.myshopify.com,other,0,0,0,0,0
9dd3c8-c6.myshopify.com,other,0,0,0,0,0
9d91db.myshopify.com,other,0,0,0,0,0
9dbc92-2.myshopify.com,other,0,0,0,0,0
9ea7xy-ep.myshopify.com,other,0,0,0,0,0
9eb0dd-ec.myshopify.com,other,0,0,0,0,0
9eba71-c7.myshopify.com,other,0,0,0,0,0
9ebeb6.myshopify.com,other,0,0,0,0,0
9ed189-d8.myshopify.com,other,0,0,0,0,0
9f587b-09.myshopify.com,other,0,0,0,0,0
9f63mw-wf.myshopify.com,other,0,0,0,0,0
9f43aa-a8.myshopify.com,other,0,0,0,0,0
9h1waw-q4.myshopify.com,other,0,0,0,0,0
9f619c.myshopify.com,other,0,0,0,0,0
9un1ik-eu.myshopify.com,other,0,0,0,0,0
9marks.myshopify.com,other,0,0,0,0,0
9f6691-2.myshopify.com,other,0,0,0,0,0
9n3pfc-8s.myshopify.com,other,0,0,0,0,0
9mzcrc-b7.myshopify.com,other,0,0,0,0,0
9vtc2c-hx.myshopify.com,other,0,0,0,0,0
9wvsma-kx.myshopify.com,other,0,0,0,0,0
9xhvbg-qz.myshopify.com,other,0,0,0,0,0
a-box-for-everything.myshopify.com,other,0,0,0,0,0
a-colo-creates.myshopify.com,other,0,0,0,0,0
a-dodsons.myshopify.com,other,0,0,0,0,0
a-j-composites.myshopify.com,other,0,0,0,0,0
a-four-chambered-heart.myshopify.com,other,0,0,0,0,0
a-french-touch-salon.myshopify.com,other,0,0,0,0,0
a-horta-cwb.myshopify.com,other,0,0,0,0,0
a-love-of-dogs.myshopify.com,other,0,0,0,0,0
a-line-arrow-hobby.myshopify.com,other,0,0,0,0,0
a-nbsp.myshopify.com,other,0,0,0,0,0
a-nickel-and-a-nail.myshopify.com,other,0,0,0,0,0
a-n-comfort-inc.myshopify.com,other,0,0,0,0,0
a-modern-charlotte-mason.myshopify.com,other,0,0,0,0,0
a-som.myshopify.com,other,0,0,0,0,0
a-table-chez-soi.myshopify.com,other,0,0,0,0,0
a-vintage-shop.myshopify.com,other,0,0,0,0,0
a-woman-we-love.myshopify.com,other,0,0,0,0,0
a-wrinkle-in-thyme-farm.myshopify.com,other,0,0,0,0,0
a00305-2.myshopify.com,other,0,0,0,0,0
a-younique-boutique-118.myshopify.com,other,0,0,0,0,0
a08f5e.myshopify.com,other,0,0,0,0,0
a013af-3.myshopify.com,other,0,0,0,0,0
a0bf69-5a.myshopify.com,other,0,0,0,0,0
a1bakerysupplies.myshopify.com,other,0,0,0,0,0
a106ea-3.myshopify.com,other,0,0,0,0,0
a10c81.myshopify.com,other,0,0,0,0,0
a1supercars.myshopify.com,other,0,0,0,0,0
a1hcshop.myshopify.com,other,0,0,0,0,0
a2reviews.myshopify.com,other,0,0,0,0,0
a2z-cash-n-carry-7619.myshopify.com,other,0,0,0,0,0
a39e75-2.myshopify.com,other,0,0,0,0,0
a3fb47.myshopify.com,other,0,0,0,0,0
a423b6-4.myshopify.com,other,0,0,0,0,0
a42995-3.myshopify.com,other,0,0,0,0,0
a44292-99.myshopify.com,other,0,0,0,0,0
a5meats.myshopify.com,other,0,0,0,0,0
a4y1xd-3e.myshopify.com,other,0,0,0,0,0
a52d82.myshopify.com,other,0,0,0,0,0
a60f6b-7e.myshopify.com,other,0,0,0,0,0
a5rim6-e3.myshopify.com,other,0,0,0,0,0
a6b74c.myshopify.com,other,0,0,0,0,0
a6e47f-5a.myshopify.com,other,0,0,0,0,0
a6df58-5c.myshopify.com,other,0,0,0,0,0
a75b35-c1.myshopify.com,other,0,0,0,0,0
a7ac82-2.myshopify.com,other,0,0,0,0,0
a7b664-5.myshopify.com,other,0,0,0,0,0
a8661b-e4.myshopify.com,other,0,0,0,0,0
a8ace4-2.myshopify.com,other,0,0,0,0,0
a8fa4d-3.myshopify.com,other,0,0,0,0,0
a92kcz-ip.myshopify.com,other,0,0,0,0,0
a9c298-82.myshopify.com,other,0,0,0,0,0
a9b75c-2.myshopify.com,other,0,0,0,0,0
a9a976.myshopify.com,other,0,0,0,0,0
a9b7a3-9a.myshopify.com,other,0,0,0,0,0
a9f132-4f.myshopify.com,other,0,0,0,0,0
a9e1f7-97.myshopify.com,other,0,0,0,0,0
aa6fgp-gh.myshopify.com,other,0,0,0,0,0
aa8edc.myshopify.com,other,0,0,0,0,0
a9e00f.myshopify.com,other,0,0,0,0,0
aaachery.myshopify.com,other,0,0,0,0,0
aaapresets.myshopify.com,other,0,0,0,0,0
aab-co.myshopify.com,other,0,0,0,0,0
aablabel.myshopify.com,other,0,0,0,0,0
aajewelrysupply.myshopify.com,other,0,0,0,0,0
aaliyahnaomi.myshopify.com,other,0,0,0,0,0
aaron-packaging.myshopify.com,other,0,0,0,0,0
aaluxurybeauty.myshopify.com,other,0,0,0,0,0
aaron-holder.myshopify.com,other,0,0,0,0,0
ab-normalstore.myshopify.com,other,0,0,0,0,0
aaronaxelrod.myshopify.com,other,0,0,0,0,0
aaohns.myshopify.com,other,0,0,0,0,0
ab425d-de.myshopify.com,other,0,0,0,0,0
aasproperties.myshopify.com,other,0,0,0,0,0
ab-sports-8889.myshopify.com,other,0,0,0,0,0
ab883c-9e.myshopify.com,other,0,0,0,0,0
abacus-furniture-design.myshopify.com,other,0,0,0,0,0
abanca-official.myshopify.com,other,0,0,0,0,0
abarth-decals.myshopify.com,other,0,0,0,0,0
abbashousecollection.myshopify.com,other,0,0,0,0,0
abbatteonline.myshopify.com,other,0,0,0,0,0
abc-mary.myshopify.com,other,0,0,0,0,0
abbie-s-boutique.myshopify.com,other,0,0,0,0,0
abbaye-val-notre-dame.myshopify.com,other,0,0,0,0,0
abc-communication-test.myshopify.com,other,0,0,0,0,0
abbychair.myshopify.com,other,0,0,0,0,0
abcd-antibodies.myshopify.com,other,0,0,0,0,0
abbyjoyjewelry.myshopify.com,other,0,0,0,0,0
abeb3f.myshopify.com,other,0,0,0,0,0
abcdvdvideo.myshopify.com,other,0,0,0,0,0
abcblanks.myshopify.com,other,0,0,0,0,0
abigailclarkevents.myshopify.com,other,0,0,0,0,0
abitdeeper.myshopify.com,other,0,0,0,0,0
ablazecomics.myshopify.com,other,0,0,0,0,0
abletoreturn.myshopify.com,other,0,0,0,0,0
abouki.myshopify.com,other,0,0,0,0,0
aboutvintage-eu.myshopify.com,other,0,0,0,0,0
abovetheskyproductions.myshopify.com,other,0,0,0,0,0
absolute-industrial-supplies.myshopify.com,other,0,0,0,0,0
abovesnakesstore.myshopify.com,other,0,0,0,0,0
absolute-all-5295.myshopify.com,other,0,0,0,0,0
abpg-online-store.myshopify.com,other,0,0,0,0,0
ac276a-4.myshopify.com,other,0,0,0,0,0
ac2t.myshopify.com,other,0,0,0,0,0
ac80e3.myshopify.com,other,0,0,0,0,0
ac27e9-4.myshopify.com,other,0,0,0,0,0
ac8gmv-gd.myshopify.com,other,0,0,0,0,0
ac9a2a-5.myshopify.com,other,0,0,0,0,0
acaci-asports.myshopify.com,other,0,0,0,0,0
acacias-journeys-metaphysical-shop.myshopify.com,other,0,0,0,0,0
academy-games.myshopify.com,other,0,0,0,0,0
academy-of-mindful-movement.myshopify.com,other,0,0,0,0,0
acarplus.myshopify.com,other,0,0,0,0,0
accentangusfarm.myshopify.com,other,0,0,0,0,0
acadiedechezzetcook.myshopify.com,other,0,0,0,0,0
accesorios-rubi.myshopify.com,other,0,0,0,0,0
accelerated-aesthetics.myshopify.com,other,0,0,0,0,0
access-arts-qld.myshopify.com,other,0,0,0,0,0
accessibility-enabler.myshopify.com,other,0,0,0,0,0
accueil476-129.myshopify.com,other,0,0,0,0,0
accessori-necessari.myshopify.com,other,0,0,0,0,0
accessoryshop-tolily.myshopify.com,other,0,0,0,0,0
ace-cider.myshopify.com,other,0,0,0,0,0
ace-embroidery-patches-co-nz.myshopify.com,other,0,0,0,0,0
ace-nutrimony.myshopify.com,other,0,0,0,0,0
ace162-01.myshopify.com,other,0,0,0,0,0
acetechplastic.myshopify.com,other,0,0,0,0,0
aceva-nutrition.myshopify.com,other,0,0,0,0,0
achaiashop-6745.myshopify.com,other,0,0,0,0,0
acg-massage.myshopify.com,other,0,0,0,0,0
acharyanet-india.myshopify.com,other,0,0,0,0,0
acey-acey.myshopify.com,other,0,0,0,0,0
acharyanet-com.myshopify.com,other,0,0,0,0,0
achoti-english.myshopify.com,other,0,0,0,0,0
acidnation.myshopify.com,other,0,0,0,0,0
acheve-dimprimer.myshopify.com,other,0,0,0,0,0
aclassicparadise.myshopify.com,other,0,0,0,0,0
acme-fumetti-dintorni.myshopify.com,other,0,0,0,0,0
acmejoy-de.myshopify.com,other,0,0,0,0,0
acmemysteryco.myshopify.com,other,0,0,0,0,0
acmepools.myshopify.com,other,0,0,0,0,0
acordiamusic.myshopify.com,other,0,0,0,0,0
acornandpip.myshopify.com,other,0,0,0,0,0
across-the-board-catering.myshopify.com,other,0,0,0,0,0
acosta-clothing.myshopify.com,other,0,0,0,0,0
acsxtq-pi.myshopify.com,other,0,0,0,0,0
acquatherapy.myshopify.com,other,0,0,0,0,0
acquavellagalleries.myshopify.com,other,0,0,0,0,0
acs-brand-co.myshopify.com,other,0,0,0,0,0
activator-jp.myshopify.com,other,0,0,0,0,0
acpstorefront.myshopify.com,other,0,0,0,0,0
action-challenge-store.myshopify.com,other,0,0,0,0,0
action-sports-8842.myshopify.com,other,0,0,0,0,0
activestacks.myshopify.com,other,0,0,0,0,0
actsmarket-com.myshopify.com,other,0,0,0,0,0
actualpain.myshopify.com,other,0,0,0,0,0
acwnrt-fk.myshopify.com,other,0,0,0,0,0
ad-imaging-solutions.myshopify.com,other,0,0,0,0,0
ad043a-97.myshopify.com,other,0,0,0,0,0
ad6db7-ea.myshopify.com,other,0,0,0,0,0
adalive.myshopify.com,other,0,0,0,0,0
ad8c02-4.myshopify.com,other,0,0,0,0,0
adam-arts-creation.myshopify.com,other,0,0,0,0,0
adafb8-2.myshopify.com,other,0,0,0,0,0
adam-hawley-store.myshopify.com,other,0,0,0,0,0
adart-gemini-kids.myshopify.com,other,0,0,0,0,0
adc7f7-ab.myshopify.com,other,0,0,0,0,0
adamstorehk.myshopify.com,other,0,0,0,0,0
adddf1-cd.myshopify.com,other,0,0,0,0,0
addies-boutique-6647.myshopify.com,other,0,0,0,0,0
adegen.myshopify.com,other,0,0,0,0,0
adenium-com-tw.myshopify.com,other,0,0,0,0,0
adhdfriendly.myshopify.com,other,0,0,0,0,0
adirzangi.myshopify.com,other,0,0,0,0,0
adirondack-life-test.myshopify.com,other,0,0,0,0,0
admiss.myshopify.com,other,0,0,0,0,0
administrative-results.myshopify.com,other,0,0,0,0,0
adored-a-lovely-boutique.myshopify.com,other,0,0,0,0,0
admiral-mens-grooming.myshopify.com,other,0,0,0,0,0
adivanaturals-2.myshopify.com,other,0,0,0,0,0
adoreher-things.myshopify.com,other,0,0,0,0,0
aduliscoffee.myshopify.com,other,0,0,0,0,0
adplugg-sample.myshopify.com,other,0,0,0,0,0
adultprovisions.myshopify.com,other,0,0,0,0,0
advanced-fire-systems.myshopify.com,other,0,0,0,0,0
advanced-product-descriptions.myshopify.com,other,0,0,0,0,0
advanced-simracing-europe.myshopify.com,other,0,0,0,0,0
advancedbusinessconsulting.myshopify.com,other,0,0,0,0,0
advancedhydraulics.myshopify.com,other,0,0,0,0,0
adventures-and-hobbies.myshopify.com,other,0,0,0,0,0
aecoustics.myshopify.com,other,0,0,0,0,0
adventumcolorado.myshopify.com,other,0,0,0,0,0
aedyje-0a.myshopify.com,other,0,0,0,0,0
aemgear.myshopify.com,other,0,0,0,0,0
aeliyamarine-tech-private-limited.myshopify.com,other,0,0,0,0,0
aeomh.myshopify.com,other,0,0,0,0,0
aei-lighting.myshopify.com,other,0,0,0,0,0
aerocake.myshopify.com,other,0,0,0,0,0
aeoutdoor-2.myshopify.com,other,0,0,0,0,0
aerohartcom.myshopify.com,other,0,0,0,0,0
aeronotiqz.myshopify.com,other,0,0,0,0,0
aesv0h-wh.myshopify.com,other,0,0,0,0,0
af-systemtechnik.myshopify.com,other,0,0,0,0,0
af01bd-fz.myshopify.com,other,0,0,0,0,0
af81r4-nn.myshopify.com,other,0,0,0,0,0
af0af3-59.myshopify.com,other,0,0,0,0,0
affordable-bulk-organics.myshopify.com,other,0,0,0,0,0
affirmation-interiors.myshopify.com,other,0,0,0,0,0
affranchi.myshopify.com,other,0,0,0,0,0
afidus-ltd.myshopify.com,other,0,0,0,0,0
affordable-homeschooling.myshopify.com,other,0,0,0,0,0
affordable-medical.myshopify.com,other,0,0,0,0,0
afl-sportsready-hub.myshopify.com,other,0,0,0,0,0
africanancestry.myshopify.com,other,0,0,0,0,0
africanfly.myshopify.com,other,0,0,0,0,0
africanheritagecollection.myshopify.com,other,0,0,0,0,0
afro-disiac-live-record-store.myshopify.com,other,0,0,0,0,0
afrodesiac.myshopify.com,other,0,0,0,0,0
afuarecordlabel.myshopify.com,other,0,0,0,0,0
against-the-grain-furniture.myshopify.com,other,0,0,0,0,0
agevitalwellness.myshopify.com,other,0,0,0,0,0
agave-restauraunts.myshopify.com,other,0,0,0,0,0
agape-babies.myshopify.com,other,0,0,0,0,0
againstme.myshopify.com,other,0,0,0,0,0
agents-of-gaming.myshopify.com,other,0,0,0,0,0
aggiesonmain.myshopify.com,other,0,0,0,0,0
aggie-lal.myshopify.com,other,0,0,0,0,0
age-lobster.myshopify.com,other,0,0,0,0,0
agebetter.myshopify.com,other,0,0,0,0,0
agilitybed.myshopify.com,other,0,0,0,0,0
agmproducts.myshopify.com,other,0,0,0,0,0
agora-school.myshopify.com,other,0,0,0,0,0
agricola-street-books.myshopify.com,other,0,0,0,0,0
agrifoodinnovationcouncil.myshopify.com,other,0,0,0,0,0
agrishop-us.myshopify.com,other,0,0,0,0,0
aheartleaf.myshopify.com,other,0,0,0,0,0
ahc1uy-48.myshopify.com,other,0,0,0,0,0
ahava-medspa.myshopify.com,other,0,0,0,0,0
ahavagobal.myshopify.com,other,0,0,0,0,0
aim-horse.myshopify.com,other,0,0,0,0,0
aideastore.myshopify.com,other,0,0,0,0,0
ahca-publications.myshopify.com,other,0,0,0,0,0
aimn-nextlevel.myshopify.com,other,0,0,0,0,0
aimaton.myshopify.com,other,0,0,0,0,0
ahwfinejewellery.myshopify.com,other,0,0,0,0,0
ain-wr.myshopify.com,other,0,0,0,0,0
air-command-international.myshopify.com,other,0,0,0,0,0
air-seal-products-ltd.myshopify.com,other,0,0,0,0,0
airesi.myshopify.com,other,0,0,0,0,0
airheadzllc.myshopify.com,other,0,0,0,0,0
airinnovations.myshopify.com,other,0,0,0,0,0
airpure-com.myshopify.com,other,0,0,0,0,0
airpura-industries-ca.myshopify.com,other,0,0,0,0,0
airrytmo.myshopify.com,other,0,0,0,0,0
airline-videos.myshopify.com,other,0,0,0,0,0
aislings-sweets-treats.myshopify.com,other,0,0,0,0,0
ais-chair.myshopify.com,other,0,0,0,0,0
aislacoat.myshopify.com,other,0,0,0,0,0
airspothealth.myshopify.com,other,0,0,0,0,0
aisjky-yt.myshopify.com,other,0,0,0,0,0
aisloutdoor.myshopify.com,other,0,0,0,0,0
aitch-gbp.myshopify.com,other,0,0,0,0,0
ajahlife-8d7c.myshopify.com,other,0,0,0,0,0
ajazzshop.myshopify.com,other,0,0,0,0,0
ajbxqv-a1.myshopify.com,other,0,0,0,0,0
ajfasteners.myshopify.com,other,0,0,0,0,0
ajzalae.myshopify.com,other,0,0,0,0,0
ajs-taphandles.myshopify.com,other,0,0,0,0,0
ajp-motorcycle-company.myshopify.com,other,0,0,0,0,0
ajs-the-pear-tree.myshopify.com,other,0,0,0,0,0
akaito-ec.myshopify.com,other,0,0,0,0,0
akan-leather.myshopify.com,other,0,0,0,0,0
akdeaa-30.myshopify.com,other,0,0,0,0,0
akardn.myshopify.com,other,0,0,0,0,0
akenlo.myshopify.com,other,0,0,0,0,0
akawaselect.myshopify.com,other,0,0,0,0,0
akatorii-sakegin.myshopify.com,other,0,0,0,0,0
akesi-wellness.myshopify.com,other,0,0,0,0,0
akillersconfession.myshopify.com,other,0,0,0,0,0
akishop-se.myshopify.com,other,0,0,0,0,0
akkjqz-pi.myshopify.com,other,0,0,0,0,0
akshaya-food-products.myshopify.com,other,0,0,0,0,0
akylunwellness.myshopify.com,other,0,0,0,0,0
al-hafeez-9520.myshopify.com,other,0,0,0,0,0
akwetey.myshopify.com,other,0,0,0,0,0
al-scrubs2.myshopify.com,other,0,0,0,0,0
al22d.myshopify.com,other,0,0,0,0,0
alan-ross-photography.myshopify.com,other,0,0,0,0,0
alabamafurniture.myshopify.com,other,0,0,0,0,0
alarocquedesign.myshopify.com,other,0,0,0,0,0
alashanghai-silk.myshopify.com,other,0,0,0,0,0
alan-chan-creations.myshopify.com,other,0,0,0,0,0
alaska-glacial.myshopify.com,other,0,0,0,0,0
alaska-outerwear-company.myshopify.com,other,0,0,0,0,0
alba-moreno-shop.myshopify.com,other,0,0,0,0,0
albany-hardware.myshopify.com,other,0,0,0,0,0
albanybedroom.myshopify.com,other,0,0,0,0,0
albertsdistribution.myshopify.com,other,0,0,0,0,0
albicoccostamperia.myshopify.com,other,0,0,0,0,0
albola-wine-club.myshopify.com,other,0,0,0,0,0
albuso-rock-store.myshopify.com,other,0,0,0,0,0
alchileitalia.myshopify.com,other,0,0,0,0,0
alchemy-designs-by-bri.myshopify.com,other,0,0,0,0,0
alchemylights.myshopify.com,other,0,0,0,0,0
alchemyfashions.myshopify.com,other,0,0,0,0,0
alder-creek.myshopify.com,other,0,0,0,0,0
alcohol-change-uk.myshopify.com,other,0,0,0,0,0
alderman-compton-wallpaper-antiques-anew.myshopify.com,other,0,0,0,0,0
alegria-life.myshopify.com,other,0,0,0,0,0
alejandro-110970.myshopify.com,other,0,0,0,0,0
alembika-fashion.myshopify.com,other,0,0,0,0,0
alenia-brand.myshopify.com,other,0,0,0,0,0
alessias-boutique-inc.myshopify.com,other,0,0,0,0,0
alex-cozzolino-3174.myshopify.com,other,0,0,0,0,0
alexandra-gioia.myshopify.com,other,0,0,0,0,0
alexa-jean-fitness.myshopify.com,other,0,0,0,0,0
alexandra-menoni.myshopify.com,other,0,0,0,0,0
alexyule.myshopify.com,other,0,0,0,0,0
alexis-mattox-design.myshopify.com,other,0,0,0,0,0
alexandre-sattler-gaia-images.myshopify.com,other,0,0,0,0,0
alexandragrecco.myshopify.com,other,0,0,0,0,0
alfiahandmade.myshopify.com,other,0,0,0,0,0
algaefoods.myshopify.com,other,0,0,0,0,0
alhor-ae.myshopify.com,other,0,0,0,0,0
ali-worldwide.myshopify.com,other,0,0,0,0,0
alicat-jewellery.myshopify.com,other,0,0,0,0,0
alicea-davis.myshopify.com,other,0,0,0,0,0
aliceandcobeauty.myshopify.com,other,0,0,0,0,0
alila-schoonheidsinstituut.myshopify.com,other,0,0,0,0,0
aliments-trigone-fr.myshopify.com,other,0,0,0,0,0
alison-jackson.myshopify.com,other,0,0,0,0,0
alittlebitmental.myshopify.com,other,0,0,0,0,0
alizuhome.myshopify.com,other,0,0,0,0,0
alk2powerboats.myshopify.com,other,0,0,0,0,0
all-about-sewing-canada.myshopify.com,other,0,0,0,0,0
alkapure-it.myshopify.com,other,0,0,0,0,0
all-heart-store-wellington.myshopify.com,other,0,0,0,0,0
all-dandy-vending-machine-repair.myshopify.com,other,0,0,0,0,0
all-mixed-up-lacquers.myshopify.com,other,0,0,0,0,0
all-natural-microderm.myshopify.com,other,0,0,0,0,0
all-over-beauty-2.myshopify.com,other,0,0,0,0,0
all-sett-health.myshopify.com,other,0,0,0,0,0
all-star-sportswear-ltd.myshopify.com,other,0,0,0,0,0
all-things-pleasing.myshopify.com,other,0,0,0,0,0
all-well-and-good-369.myshopify.com,other,0,0,0,0,0
allegiantvets.myshopify.com,other,0,0,0,0,0
alla-lighting-inc.myshopify.com,other,0,0,0,0,0
all4racing.myshopify.com,other,0,0,0,0,0
allergy-kit.myshopify.com,other,0,0,0,0,0
allett-usa.myshopify.com,other,0,0,0,0,0
alley-cat-allies.myshopify.com,other,0,0,0,0,0
alli-c-childrens-wear.myshopify.com,other,0,0,0,0,0
alley-rae-apparel.myshopify.com,other,0,0,0,0,0
alligatorboard.myshopify.com,other,0,0,0,0,0
allinclusive-us.myshopify.com,other,0,0,0,0,0
alliswellandgood-store.myshopify.com,other,0,0,0,0,0
allore-candles.myshopify.com,other,0,0,0,0,0
allscreen.myshopify.com,other,0,0,0,0,0
allspice-culinarium.myshopify.com,other,0,0,0,0,0
allure-aesthetics.myshopify.com,other,0,0,0,0,0
ally-bears-design-closet.myshopify.com,other,0,0,0,0,0
ally-boothroyd.myshopify.com,other,0,0,0,0,0
allurenailbeautysupplies.myshopify.com,other,0,0,0,0,0
almacen-concept-store.myshopify.com,other,0,0,0,0,0
almacabio.myshopify.com,other,0,0,0,0,0
almaty-tattoo.myshopify.com,other,0,0,0,0,0
almond-house-india.myshopify.com,other,0,0,0,0,0
almondprotein.myshopify.com,other,0,0,0,0,0
aloha-lucy.myshopify.com,other,0,0,0,0,0
alohassandals.myshopify.com,other,0,0,0,0,0
alokvmenon.myshopify.com,other,0,0,0,0,0
alpaca-connection-imports.myshopify.com,other,0,0,0,0,0
alpaca-tracks.myshopify.com,other,0,0,0,0,0
alpenkaviar.myshopify.com,other,0,0,0,0,0
alpha-aesthetics-llc.myshopify.com,other,0,0,0,0,0
alpine-steakhouse.myshopify.com,other,0,0,0,0,0
alpine-imports.myshopify.com,other,0,0,0,0,0
alpine-luddites.myshopify.com,other,0,0,0,0,0
alrossa.myshopify.com,other,0,0,0,0,0
alpinefernatelier.myshopify.com,other,0,0,0,0,0
alquimistes.myshopify.com,other,0,0,0,0,0
als-garden-and-home.myshopify.com,other,0,0,0,0,0
altapasa.myshopify.com,other,0,0,0,0,0
alter-brooklyn.myshopify.com,other,0,0,0,0,0
alter3dofficial.myshopify.com,other,0,0,0,0,0
altered-reality-comics-and-gaming.myshopify.com,other,0,0,0,0,0
althea-gray.myshopify.com,other,0,0,0,0,0
althea-routers.myshopify.com,other,0,0,0,0,0
aluxurywatche.myshopify.com,other,0,0,0,0,0
always-christmas-ga.myshopify.com,other,0,0,0,0,0
always-werking.myshopify.com,other,0,0,0,0,0
alyssadayguitar.myshopify.com,other,0,0,0,0,0
alxdesigns.myshopify.com,other,0,0,0,0,0
alyandjoshua.myshopify.com,other,0,0,0,0,0
am-giochi-e-fumetti.myshopify.com,other,0,0,0,0,0
amani-camille.myshopify.com,other,0,0,0,0,0
amaroq-tester.myshopify.com,other,0,0,0,0,0
amanojak-tokyo.myshopify.com,other,0,0,0,0,0
amarphie.myshopify.com,other,0,0,0,0,0
amausa.myshopify.com,other,0,0,0,0,0
amazfitrus.myshopify.com,other,0,0,0,0,0
amazww-rb.myshopify.com,other,0,0,0,0,0
ambachtscremenl.myshopify.com,other,0,0,0,0,0
amelia-and-white.myshopify.com,other,0,0,0,0,0
amelialawrence.myshopify.com,other,0,0,0,0,0
amenity-housekeeping.myshopify.com,other,0,0,0,0,0
american-etch-llc.myshopify.com,other,0,0,0,0,0
american-knife-company.myshopify.com,other,0,0,0,0,0
american-cornhole.myshopify.com,other,0,0,0,0,0
american-archaeology-abroad.myshopify.com,other,0,0,0,0,0
americanalpineclub.myshopify.com,other,0,0,0,0,0
american-sexual-health-association.myshopify.com,other,0,0,0,0,0
americangiftbaskets.myshopify.com,other,0,0,0,0,0
americanintake.myshopify.com,other,0,0,0,0,0
americanrevivalministries.myshopify.com,other,0,0,0,0,0
ameroquois.myshopify.com,other,0,0,0,0,0
amersflora.myshopify.com,other,0,0,0,0,0
amhouseslc.myshopify.com,other,0,0,0,0,0
ami-iyok.myshopify.com,other,0,0,0,0,0
ami8pa-gd.myshopify.com,other,0,0,0,0,0
amiahrae.myshopify.com,other,0,0,0,0,0
amitgtcouture.myshopify.com,other,0,0,0,0,0
amidacoffee.myshopify.com,other,0,0,0,0,0
amiraelfeky.myshopify.com,other,0,0,0,0,0
amor-por-vida.myshopify.com,other,0,0,0,0,0
amora-canada.myshopify.com,other,0,0,0,0,0
amolittapasta.myshopify.com,other,0,0,0,0,0
amor-store.myshopify.com,other,0,0,0,0,0
fuelsaver24.myshopify.com,other,0,0,0,0,0
fuku-coffee-roastery-admin.myshopify.com,other,0,0,0,0,0
fukuda-farm.myshopify.com,other,0,0,0,0,0
fukufukumarche.myshopify.com,other,0,0,0,0,0
fukusen-suisan.myshopify.com,other,0,0,0,0,0
fukunaga.myshopify.com,other,0,0,0,0,0
fulfill-your-products.myshopify.com,other,0,0,0,0,0
full-moon-loom.myshopify.com,other,0,0,0,0,0
fullupofficial.myshopify.com,other,0,0,0,0,0
fumicoffee.myshopify.com,other,0,0,0,0,0
fun-gamer-dog-tag-bank-card-stickers.myshopify.com,other,0,0,0,0,0
fundraiser-by-aroma-maya.myshopify.com,other,0,0,0,0,0
fun-toes.myshopify.com,other,0,0,0,0,0
funarts-4902.myshopify.com,other,0,0,0,0,0
fundygeologicalmuseum.myshopify.com,other,0,0,0,0,0
fungastiqueparis.myshopify.com,other,0,0,0,0,0
funnymocktails.myshopify.com,other,0,0,0,0,0
funk-tank-magazin.myshopify.com,other,0,0,0,0,0
funstocktest.myshopify.com,other,0,0,0,0,0
funtrails.myshopify.com,other,0,0,0,0,0
funwithcandles.myshopify.com,other,0,0,0,0,0
fuori-formato.myshopify.com,other,0,0,0,0,0
furaccents.myshopify.com,other,0,0,0,0,0
furlux-store.myshopify.com,other,0,0,0,0,0
furnicio.myshopify.com,other,0,0,0,0,0
furniture-world-superstore.myshopify.com,other,0,0,0,0,0
furnishmeuk.myshopify.com,other,0,0,0,0,0
furniture-inn-vi.myshopify.com,other,0,0,0,0,0
fushunkan-online-shop.myshopify.com,other,0,0,0,0,0
further-seems-forever.myshopify.com,other,0,0,0,0,0
fuseall.myshopify.com,other,0,0,0,0,0
fusion-retro-books.myshopify.com,other,0,0,0,0,0
fusion4x4.myshopify.com,other,0,0,0,0,0
fusomusic.myshopify.com,other,0,0,0,0,0
fusseinlagen-de.myshopify.com,other,0,0,0,0,0
futbolcult.myshopify.com,other,0,0,0,0,0
futureadhd.myshopify.com,other,0,0,0,0,0
future-fitness-supplements.myshopify.com,other,0,0,0,0,0
fuumeisha.myshopify.com,other,0,0,0,0,0
futurecow-store.myshopify.com,other,0,0,0,0,0
fuzzywhatknots.myshopify.com,other,0,0,0,0,0
fuzhao-de.myshopify.com,other,0,0,0,0,0
fxqsgi-q1.myshopify.com,other,0,0,0,0,0
fvd6ye-by.myshopify.com,other,0,0,0,0,0
fuzzdiceshop.myshopify.com,other,0,0,0,0,0
fzt7ay-w1.myshopify.com,other,0,0,0,0,0
g-shock-store.myshopify.com,other,0,0,0,0,0
g-b-inspirational-greeting-cards-company.myshopify.com,other,0,0,0,0,0
g04t1a-fg.myshopify.com,other,0,0,0,0,0
g1502s-yd.myshopify.com,other,0,0,0,0,0
g17gt1-k1.myshopify.com,other,0,0,0,0,0
g190xu-vq.myshopify.com,other,0,0,0,0,0
g1nva0-cg.myshopify.com,other,0,0,0,0,0
g28x68-ev.myshopify.com,other,0,0,0,0,0
g3wellness.myshopify.com,other,0,0,0,0,0
g21kwk-pp.myshopify.com,other,0,0,0,0,0
gaa-museum-shop.myshopify.com,other,0,0,0,0,0
gachgs.myshopify.com,other,0,0,0,0,0
g7emta-qw.myshopify.com,other,0,0,0,0,0
gacbookstore.myshopify.com,other,0,0,0,0,0
gaelic-storm-official-store.myshopify.com,other,0,0,0,0,0
gaien-media.myshopify.com,other,0,0,0,0,0
gaku-online.myshopify.com,other,0,0,0,0,0
galactic-quest.myshopify.com,other,0,0,0,0,0
galamaps.myshopify.com,other,0,0,0,0,0
galapagos-rockford-charter-school.myshopify.com,other,0,0,0,0,0
galartic-by-kerry-marie.myshopify.com,other,0,0,0,0,0
galaxy-lighting-cork.myshopify.com,other,0,0,0,0,0
galaxywearunlimited.myshopify.com,other,0,0,0,0,0
galerie-cos.myshopify.com,other,0,0,0,0,0
galeria-exodo.myshopify.com,other,0,0,0,0,0
galencatholiccollegeonlinestore.myshopify.com,other,0,0,0,0,0
galerie-de-la-louve-arts-premiers.myshopify.com,other,0,0,0,0,0
galerie-julia-philippi.myshopify.com,other,0,0,0,0,0
gallery-aderyn.myshopify.com,other,0,0,0,0,0
galerie-la-forest-divonne.myshopify.com,other,0,0,0,0,0
gallery-shop-3603.myshopify.com,other,0,0,0,0,0
gallerytsukigime.myshopify.com,other,0,0,0,0,0
gallopandglitz.myshopify.com,other,0,0,0,0,0
galt-toys-uk.myshopify.com,other,0,0,0,0,0
galunk2.myshopify.com,other,0,0,0,0,0
gamblershockey.myshopify.com,other,0,0,0,0,0
game-academia.myshopify.com,other,0,0,0,0,0
gamekastle.myshopify.com,other,0,0,0,0,0
games-we-played.myshopify.com,other,0,0,0,0,0
ganata.myshopify.com,other,0,0,0,0,0
gammelstads.myshopify.com,other,0,0,0,0,0
gandee-gallery.myshopify.com,other,0,0,0,0,0
garden-pro-4.myshopify.com,other,0,0,0,0,0
garconjon.myshopify.com,other,0,0,0,0,0
gardeners-pantry.myshopify.com,other,0,0,0,0,0
garage-organics.myshopify.com,other,0,0,0,0,0
gardenmachinery-ie.myshopify.com,other,0,0,0,0,0
gardenqatar.myshopify.com,other,0,0,0,0,0
garnet-manufacturing.myshopify.com,other,0,0,0,0,0
garrido-sattel-shop.myshopify.com,other,0,0,0,0,0
garrinchadischi.myshopify.com,other,0,0,0,0,0
garrison-brewing.myshopify.com,other,0,0,0,0,0
garrnish.myshopify.com,other,0,0,0,0,0
gasboysco.myshopify.com,other,0,0,0,0,0
gascon-horsemanship-shop.myshopify.com,other,0,0,0,0,0
gastro-deals.myshopify.com,other,0,0,0,0,0
gate-one-experience.myshopify.com,other,0,0,0,0,0
gasthaus-stockhammer.myshopify.com,other,0,0,0,0,0
garyseyefakes.myshopify.com,other,0,0,0,0,0
garueshop.myshopify.com,other,0,0,0,0,0
gautier-studio-2.myshopify.com,other,0,0,0,0,0
gator-waders.myshopify.com,other,0,0,0,0,0
gauchezco-wines.myshopify.com,other,0,0,0,0,0
gavekurve-com.myshopify.com,other,0,0,0,0,0
gavinren.myshopify.com,other,0,0,0,0,0
gayish-podcast-merch.myshopify.com,other,0,0,0,0,0
gayunder.myshopify.com,other,0,0,0,0,0
gayzi6-nv.myshopify.com,other,0,0,0,0,0
gb1gk.myshopify.com,other,0,0,0,0,0
gcs-global-coat-solutions-lda.myshopify.com,other,0,0,0,0,0
gb6bja-wk.myshopify.com,other,0,0,0,0,0
gcshhf-ph.myshopify.com,other,0,0,0,0,0
gbvytw-m3.myshopify.com,other,0,0,0,0,0
geddjg-rg.myshopify.com,other,0,0,0,0,0
gec-store.myshopify.com,other,0,0,0,0,0
gearhalo.myshopify.com,other,0,0,0,0,0
geejee1997.myshopify.com,other,0,0,0,0,0
gedney-foods.myshopify.com,other,0,0,0,0,0
www.72746e-ee.myshopify.com,other,0,0,0,0,0
www.4-stops.myshopify.com,other,0,0,0,0,0
www.alpha-q-clothing.myshopify.com,other,0,0,0,0,0
www.geeks-and-gals.myshopify.com,other,0,0,0,0,0
